N,ph,sand,silt,cec,bulk density,clay,soc,fertility
138,7.46,70.79417,30.2935,27.964874,1.6154363,35.369125,0.7,0
213,7.62,70.8752,30.041927,27.964874,1.6154363,35.503357,1.06,0
163,7.59,70.14587,32.473793,28.522726,1.6154363,34.09396,1.11,0
157,7.64,69.82172,33.31237,28.801651,1.6154363,33.8255,0.94,0
220,7.43,70.14587,33.22851,28.894629,1.6154363,33.55705,0.72,0
220,7.62,70.226906,32.38994,28.801651,1.6154363,34.16107,0.81,0
207,7.63,70.632095,30.712788,29.173553,1.62349,35.10067,0.69,0
138,7.55,71.11832,30.209644,29.080578,1.62349,35.167786,0.78,0
144,7.53,71.28039,29.958073,29.080578,1.62349,35.2349,0.89,0
144,7.45,70.79417,30.2935,29.080578,1.62349,35.369125,0.81,0
182,7.47,70.8752,29.454926,29.26653,1.6194632,35.973156,0.67,0
238,7.38,70.8752,29.538784,28.70868,1.6194632,35.90604,0.75,0
213,7.38,70.14587,29.874214,29.359503,1.6194632,36.241608,0.61,0
245,7.31,69.497574,30.2935,29.638428,1.6154363,36.44295,0.78,0
213,7.36,69.254456,30.545073,30.19628,1.6194632,36.44295,0.69,0
207,7.62,69.011345,30.880505,30.19628,1.6194632,36.37584,0.75,0
207,7.55,68.444084,30.628931,30.103306,1.6194632,37.04698,0.64,0
201,7.44,68.363045,31.04822,30.01033,1.6194632,36.778526,0.78,0
220,7.42,68.52512,31.97065,30.01033,1.6194632,35.90604,0.61,0
245,7.58,68.768234,32.05451,30.103306,1.62349,35.637585,0.83,0
207,7.41,68.93031,32.05451,30.19628,1.62349,35.43624,1,0
207,7.4,69.011345,32.22222,29.82438,1.6275167,35.302013,0.67,0
245,7.29,69.092384,32.05451,28.987604,1.6275167,35.369125,0.61,0
182,7.62,69.335495,32.22222,28.70868,1.6275167,35.033558,0.47,0
220,7.48,69.335495,32.138367,28.70868,1.6275167,35.10067,0.67,0
238,7.59,69.092384,32.473793,29.638428,1.62349,35.033558,0.83,0
151,7.46,69.416534,32.30608,29.638428,1.62349,34.89933,0.86,0
207,7.44,69.416534,32.22222,29.452478,1.62349,34.966442,1,0
138,7.63,69.254456,32.138367,29.638428,1.6275167,35.167786,0.53,0
182,7.48,69.011345,33.0608,29.452478,1.6275167,34.56376,1.11,0
138,7.54,68.84927,33.31237,29.452478,1.62349,34.56376,0.54,0
207,7.52,68.768234,33.31237,29.359503,1.62349,34.630875,1.03,0
207,7.55,69.092384,33.396225,29.452478,1.62349,34.228188,0.83,0
138,7.48,69.092384,33.22851,29.545456,1.6275167,34.42953,0.94,0
138,7.65,69.254456,33.22851,29.545456,1.6275167,34.295303,1.03,0
107,7.43,68.93031,33.144653,28.522726,1.6275167,34.56376,0.75,0
19,7.38,68.93031,33.480083,28.987604,1.62349,34.362415,1.06,0
56,7.32,68.84927,33.396225,29.545456,1.6275167,34.496643,0.83,0
38,7.4,68.93031,33.31237,30.382233,1.62349,34.42953,0.92,0
25,7.33,69.74068,32.38994,30.754131,1.6275167,34.56376,0.78,0
88,7.52,69.011345,32.473793,30.01033,1.6194632,35.167786,0.78,0
144,7.57,69.254456,31.215933,30.382233,1.6114094,35.83893,0.92,0
226,7.62,69.335495,30.96436,30.19628,1.6154363,36.040268,0.75,0
213,7.55,69.983795,31.215933,30.289255,1.6194632,35.2349,0.75,0
195,7.57,70.632095,30.2935,30.01033,1.6154363,35.503357,0.69,0
31,7.33,69.902756,29.7065,28.615702,1.6154363,36.510067,0.83,0
69,7.51,70.551056,29.874214,28.150827,1.6114094,35.973156,0.78,0
182,7.57,70.551056,29.454926,27.964874,1.6154363,36.308723,0.78,0
19,7.49,70.47002,29.454926,28.801651,1.6154363,36.308723,0.61,0
132,7.31,70.307945,29.454926,29.173553,1.6114094,36.37584,0.67,0
163,7.32,70.14587,29.622643,29.731405,1.6114094,36.37584,0.75,0
182,7.23,69.983795,30.545073,29.638428,1.6073825,35.83893,0.81,0
201,7.51,69.497574,30.125788,30.19628,1.6114094,36.577183,0.83,0
6,7.47,70.632095,30.461216,31.21901,1.6033558,35.369125,0.81,0
56,7.46,71.19935,30.796644,30.940083,1.6033558,34.630875,0.89,0
132,7.62,71.60454,29.958073,30.568182,1.6073825,34.966442,0.75,0
69,7.5,71.84765,29.622643,30.103306,1.6114094,35.033558,0.78,0
13,7.5,71.76661,29.119495,31.033056,1.6154363,35.503357,0.67,0
6,7.4,71.28039,29.454926,31.033056,1.6114094,35.637585,0.81,0
220,7.6,71.44246,29.119495,31.311983,1.6114094,35.771812,0.83,0
151,7.3,72.41491,28.532494,29.452478,1.6114094,35.43624,0.75,0
201,7.6,72.00972,28.951782,30.568182,1.6073825,35.43624,0.39,0
151,7.6,71.84765,29.203354,30.475206,1.6114094,35.369125,0.88,0
75,7.8,71.92869,28.784067,30.475206,1.6114094,35.637585,0.1,0
232,7.7,71.5235,28.70021,31.033056,1.6114094,36.040268,0.68,0
207,7.7,70.95624,28.951782,29.917355,1.6073825,36.308723,0.49,0
188,7.6,72.00972,28.532494,29.731405,1.6073825,35.771812,0.2,0
126,7.7,72.49595,28.532494,29.82438,1.6073825,35.302013,0.39,0
207,7.6,72.41491,28.36478,29.82438,1.6073825,35.57047,0.68,0
213,7.7,70.95624,29.874214,29.917355,1.6033558,35.637585,0.2,0
69,7.7,70.95624,29.874214,29.917355,1.5993289,35.57047,0.1,0
220,7.5,71.11832,30.2935,30.01033,1.6033558,35.10067,0.29,0
163,7.5,71.28039,30.545073,30.01033,1.6073825,34.7651,1.17,0
138,7.4,71.60454,29.958073,30.103306,1.6194632,34.966442,0.88,0
88,7.5,71.11832,29.874214,30.19628,1.6194632,35.43624,0.1,0
195,7.4,71.5235,30.880505,30.01033,1.62349,34.295303,0.29,0
251,7.6,71.28039,30.880505,29.82438,1.62349,34.42953,0.88,0
207,7.4,72.33388,28.532494,30.382233,1.6154363,35.503357,0.1,0
195,7.5,71.68558,28.36478,30.382233,1.6154363,36.1745,0.49,0
220,7.7,73.06321,29.287212,30.475206,1.6114094,34.295303,0.78,0
251,7.6,73.30632,29.454926,30.661158,1.6114094,33.959732,1.07,0
238,7.7,73.14425,29.622643,30.661158,1.6154363,33.892616,0.88,0
119,7.6,73.14425,29.874214,31.126032,1.6154363,33.758392,0.49,0
163,7.5,72.73906,29.538784,30.475206,1.6154363,34.362415,0.68,0
207,7.5,72.73906,29.03564,30.19628,1.6154363,34.697987,0.2,0
138,7.5,72.33388,29.287212,30.19628,1.6154363,34.89933,1.17,0
126,7.5,72.41491,28.867924,30.847107,1.6154363,35.167786,0.98,0
157,7.4,72.00972,28.951782,31.033056,1.6114094,35.43624,0.88,0
201,7.6,72.25284,28.70021,31.21901,1.6114094,35.503357,0.1,0
257,7.4,72.41491,28.70021,31.126032,1.6073825,35.302013,0.78,0
201,7.5,72.49595,28.867924,31.497934,1.6073825,35.10067,0.59,0
257,7.5,72.49595,28.36478,30.754131,1.6073825,35.503357,0.39,0
251,7.6,72.57698,28.197063,30.847107,1.6073825,35.57047,0.68,0
201,7.5,72.25284,28.02935,31.683884,1.6073825,35.973156,0.49,0
232,7.4,72.41491,27.945492,31.683884,1.6114094,35.83893,0.29,0
195,7.4,72.8201,28.36478,32.055786,1.6073825,35.167786,0.1,0
251,7.4,72.65802,28.448637,31.869833,1.6073825,35.302013,0.59,0
226,7.4,72.49595,28.280922,31.96281,1.6073825,35.57047,0.29,0
213,7.7,72.65802,28.280922,32.427685,1.6073825,35.43624,0.78,0
132,7.5,72.65802,28.36478,31.21901,1.6154363,35.369125,0.49,0
195,7.5,72.73906,28.36478,31.21901,1.6154363,35.302013,0.68,0
50,7.6,71.92869,29.287212,31.311983,1.5953021,35.2349,1.17,0
201,7.5,72.00972,29.03564,31.033056,1.5993289,35.369125,0.88,0
100,7.6,71.84765,29.287212,31.497934,1.5953021,35.302013,0.1,0
232,7.6,71.76661,29.371069,31.683884,1.5953021,35.302013,1.27,0
69,7.6,71.03728,31.215933,30.661158,1.5953021,34.42953,0.68,0
31,7.5,70.79417,31.97065,30.940083,1.5953021,34.026844,1.17,0
63,7.4,71.19935,32.22222,30.289255,1.5993289,33.489933,0.88,0
132,7.5,71.36143,32.05451,30.382233,1.5953021,33.489933,0.78,0
201,7.7,70.8752,33.396225,30.289255,1.6033558,32.818794,0.1,0
63,7.6,70.307945,33.396225,29.917355,1.6033558,33.28859,0.59,0
195,7.5,69.902756,32.89308,29.638428,1.6033558,34.026844,0.15,0
207,7.5,70.47002,32.72537,29.359503,1.6033558,33.691277,0.44,0
126,7.6,70.8752,32.97694,30.475206,1.5993289,33.15436,0.47,0
88,7.6,70.8752,33.144653,31.126032,1.6033558,33.08725,0.29,0
163,7.5,70.8752,32.72537,31.033056,1.5993289,33.355705,0.97,0
138,7.6,71.11832,33.6478,31.497934,1.6033558,32.416107,0.32,0
188,7.7,72.90114,32.05451,30.103306,1.5993289,32.214767,0.27,0
195,7.6,72.90114,31.97065,29.82438,1.6033558,32.28188,0.15,0
195,7.61,72.73906,31.97065,29.917355,1.5993289,32.34899,0.21,0
182,7.46,72.65802,32.72537,30.382233,1.5993289,31.879194,0.29,0
188,7.52,72.41491,32.38994,30.289255,1.5993289,32.34899,0.35,0
132,7.43,72.90114,31.97065,30.289255,1.5993289,32.28188,0.38,0
213,7.48,73.06321,31.383648,30.847107,1.5953021,32.61745,0.47,0
144,7.46,71.19935,33.899372,30.475206,1.5912752,32.080536,0.53,0
182,7.57,69.659645,36.415096,29.26653,1.5953021,31.47651,0.35,0
182,7.62,71.60454,32.809223,28.522726,1.5953021,32.684563,0.29,0
132,7.54,71.68558,32.38994,29.26653,1.5953021,32.95302,0.12,0
138,7.73,70.79417,33.31237,29.26653,1.5993289,32.95302,0.97,0
207,7.58,71.60454,31.63522,29.359503,1.5953021,33.62416,0.76,0
113,7.6,70.71313,32.22222,29.545456,1.5953021,33.892616,0.71,0
220,7.67,70.226906,32.89308,30.19628,1.5953021,33.758392,0.35,0
126,7.4,70.551056,33.144653,30.19628,1.5953021,33.28859,0.29,0
163,7.37,71.03728,33.899372,29.82438,1.5953021,32.28188,0.38,0
201,7.31,70.79417,34.234802,29.82438,1.5953021,32.214767,0.47,0
100,7.44,70.38898,34.318657,30.289255,1.5912752,32.483223,0.35,0
69,7.36,70.226906,34.905663,30.01033,1.5832216,32.214767,0.41,0
333,7.53,70.71313,32.97694,29.82438,1.5912752,33.28859,0.44,0
220,7.43,69.902756,35.073376,31.033056,1.5912752,32.28188,0.12,0
232,7.38,70.38898,33.396225,30.475206,1.5791947,33.28859,0.44,0
176,7.54,70.47002,33.6478,30.475206,1.5751678,32.885906,0.47,0
188,7.59,70.95624,31.215933,29.545456,1.5791947,34.496643,0.35,0
88,7.43,71.36143,30.041927,29.638428,1.5912752,35.167786,0.53,0
82,7.61,71.5235,29.287212,29.080578,1.5912752,35.57047,0.5,0
169,7.57,71.84765,30.37736,28.987604,1.5993289,34.42953,0.65,0
245,7.42,71.11832,30.796644,30.19628,1.5953021,34.7651,0.24,0
201,7.41,71.68558,28.616352,30.01033,1.5993289,35.973156,0.53,0
213,7.35,71.76661,29.371069,28.801651,1.6033558,35.302013,0.88,0
207,7.54,70.307945,30.628931,29.359503,1.5993289,35.503357,0.29,0
251,7.73,70.8752,31.215933,30.19628,1.6073825,34.56376,0.82,0
163,7.62,71.28039,30.125788,31.033056,1.6114094,35.167786,0.47,0
213,7.71,71.19935,30.209644,30.19628,1.6194632,35.167786,0.74,0
207,7.4,71.03728,30.880505,30.382233,1.62349,34.7651,0.12,0
200,7.67,72.65802,31.04822,31.869833,1.6154363,33.221474,0.35,0
188,7.78,72.1718,31.383648,31.96281,1.6154363,33.355705,0.53,0
201,7.71,71.76661,31.886791,32.055786,1.6033558,33.28859,0.5,0
207,7.62,70.95624,32.05451,31.497934,1.5993289,33.8255,0.76,0
207,7.64,70.95624,33.815514,31.77686,1.6073825,32.34899,0.26,0
195,7.43,71.11832,33.563942,31.590908,1.6073825,32.483223,0.85,0
182,7.61,70.71313,34.234802,31.311983,1.6073825,32.34899,0.88,0
151,7.63,70.307945,33.98323,31.869833,1.6114094,32.818794,0.29,0
157,7.45,70.14587,33.6478,32.055786,1.6073825,33.15436,0.5,0
163,7.43,70.307945,32.89308,30.289255,1.6114094,33.691277,0.59,0
126,7.67,70.226906,32.97694,30.847107,1.6073825,33.691277,0.74,0
213,7.62,70.79417,33.0608,30.661158,1.6073825,33.15436,0.15,0
245,7.61,70.551056,33.563942,31.21901,1.6114094,32.885906,0.24,0
157,7.58,71.11832,34.067085,31.033056,1.6114094,32.080536,0.21,0
213,7.66,71.11832,33.480083,31.033056,1.6114094,32.550335,0.47,0
82,7.65,71.11832,33.396225,31.497934,1.6154363,32.61745,0.76,0
195,7.66,70.14587,33.731655,31.77686,1.6154363,33.15436,0.74,0
100,7.71,69.983795,33.98323,32.70661,1.6194632,33.08725,1.03,0
238,7.61,69.82172,33.6478,32.892563,1.6194632,33.489933,1.09,0
213,7.54,69.983795,33.22851,32.985535,1.6154363,33.691277,0.82,0
6,7.42,69.011345,33.22851,32.892563,1.6114094,34.496643,0.82,0
257,7.43,69.497574,33.899372,32.70661,1.6114094,33.55705,0.26,0
188,7.52,70.307945,34.067085,32.892563,1.6154363,32.75168,0.29,0
144,7.47,69.74068,34.402515,32.70661,1.6154363,32.885906,0.53,0
238,7.54,69.983795,34.234802,32.148758,1.6154363,32.885906,0.79,0
157,7.33,70.307945,33.731655,31.869833,1.6154363,33.020134,0.76,0
195,7.48,70.14587,33.563942,32.055786,1.6154363,33.221474,0.15,0
63,7.53,70.307945,33.6478,32.427685,1.6154363,33.020134,0.12,0
238,7.51,69.902756,34.067085,32.148758,1.62349,33.08725,0.1,0
163,7.43,69.983795,33.0608,30.847107,1.6194632,33.8255,0.49,0
232,7.47,70.307945,32.38994,29.82438,1.6194632,34.09396,0.2,0
132,7.71,70.47002,32.22222,30.289255,1.6194632,34.09396,0.59,0
207,7.64,69.254456,31.719076,30.289255,1.6154363,35.503357,0.39,0
195,7.62,69.578606,31.551363,30.01033,1.6154363,35.369125,0.29,0
138,7.53,69.092384,31.299791,29.917355,1.6154363,36.040268,1.07,0
251,7.41,69.173416,31.383648,30.475206,1.6194632,35.83893,0.68,0
207,7.57,69.011345,31.886791,30.847107,1.6194632,35.57047,0.39,0
264,7.67,69.416534,31.97065,31.033056,1.6194632,35.167786,0.49,0
201,7.63,68.444084,32.97694,30.289255,1.6194632,35.167786,0.1,0
257,7.62,68.363045,32.809223,29.545456,1.6154363,35.369125,0.59,0
144,7.71,68.52512,33.396225,29.917355,1.6114094,34.7651,0.39,0
251,7.53,68.687195,33.31237,30.382233,1.6154363,34.697987,0.88,0
182,7.51,69.092384,33.0608,29.26653,1.6194632,34.56376,0.29,0
75,7.61,69.173416,33.396225,29.545456,1.62349,34.228188,0.53,0
220,7.67,68.768234,32.72537,29.82438,1.62349,35.10067,0.79,0
195,7.65,68.93031,32.22222,29.917355,1.62349,35.369125,0.24,0
176,7.67,69.74068,32.05451,29.638428,1.6194632,34.89933,0.79,0
182,7.72,68.93031,31.551363,29.638428,1.6194632,35.83893,0.82,0
226,7.68,69.092384,31.551363,28.70868,1.62349,35.771812,0.5,0
257,7.7,68.93031,31.97065,28.987604,1.6194632,35.57047,0.47,0
232,7.62,69.173416,31.383648,29.545456,1.62349,35.83893,0.44,0
245,7.77,68.687195,30.125788,29.173553,1.62349,37.24832,0.74,0
251,7.65,68.52512,30.125788,29.173553,1.62349,37.38255,0.71,0
213,7.63,68.84927,29.790356,29.26653,1.62349,37.38255,0.24,0
264,7.5,68.687195,29.790356,29.359503,1.62349,37.516777,0.5,0
195,7.1,68.768234,29.119495,29.26653,1.6275167,38.05369,0.44,0
169,7.6,68.768234,29.03564,29.173553,1.62349,38.05369,0.78,0
201,7.5,68.768234,28.867924,28.801651,1.62349,38.18792,0.29,0
251,7.2,69.011345,28.784067,28.987604,1.62349,37.986576,0.68,0
207,7.6,69.335495,30.125788,28.057852,1.6275167,36.778526,0.2,0
207,8.1,69.74068,30.041927,27.778925,1.6275167,36.44295,0.1,0
151,7.3,70.064835,29.454926,27.871902,1.6275167,36.71141,0.2,0
270,7.5,69.659645,29.874214,27.871902,1.6275167,36.71141,0.59,0
238,7.6,70.307945,30.041927,27.68595,1.6275167,35.90604,0.1,0
251,7.8,70.79417,29.538784,27.871902,1.6315436,35.973156,0.88,0
264,7.6,70.8752,29.371069,27.68595,1.6315436,36.040268,0.1,0
257,7.5,71.36143,29.454926,28.150827,1.6355705,35.637585,0.78,0
201,7.23,71.11832,29.454926,28.429752,1.6355705,35.771812,0.49,0
213,7.16,70.8752,29.371069,28.150827,1.6355705,36.040268,0.1,0
169,7.03,70.47002,29.371069,27.592976,1.6355705,36.37584,0.68,0
201,7,70.551056,29.622643,28.522726,1.6355705,36.107384,0.88,0
270,7,72.00972,29.7065,29.080578,1.6355705,34.7651,0.39,0
238,6.96,71.60454,30.37736,28.801651,1.6395974,34.630875,1.17,0
176,9.97,71.68558,30.628931,28.894629,1.6395974,34.42953,0.78,0
245,7,71.68558,30.461216,28.894629,1.6355705,34.496643,0.1,0
201,7.16,71.28039,30.125788,28.801651,1.6395974,35.10067,0.39,0
207,7.02,70.632095,30.041927,29.080578,1.6395974,35.704697,0.59,0
257,7.01,70.632095,30.209644,29.638428,1.6395974,35.57047,0.29,0
220,7.05,70.307945,30.880505,30.289255,1.6355705,35.369125,0.68,0
213,7.05,69.902756,31.04822,31.497934,1.6355705,35.503357,0.29,0
201,7.07,69.82172,30.796644,32.427685,1.6355705,35.771812,0.1,0
188,7.14,69.82172,30.796644,33.171486,1.6315436,35.771812,0.39,0
207,7.17,69.983795,30.796644,32.799587,1.6315436,35.704697,0.78,0
320,7.08,69.578606,31.04822,32.892563,1.6355705,35.771812,0.2,0
220,7.12,69.578606,31.04822,33.357437,1.6315436,35.771812,0.59,0
213,7.1,69.578606,30.880505,32.613636,1.6315436,35.90604,0.29,0
264,7.19,69.578606,31.132076,32.799587,1.6315436,35.704697,0.98,0
195,7.15,69.011345,30.796644,32.70661,1.6315436,36.37584,0.1,0
182,7.31,69.092384,30.880505,32.33471,1.6315436,36.308723,0.88,0
201,7.14,69.578606,30.796644,31.77686,1.6315436,35.973156,0.2,0
232,7.16,69.497574,30.796644,31.590908,1.6275167,36.040268,0.68,0
169,7.17,69.74068,32.05451,31.033056,1.6315436,34.832214,0.1,0
238,7.21,69.902756,31.802937,30.382233,1.6315436,34.89933,0.88,0
201,7.23,69.82172,31.802937,30.475206,1.6275167,34.966442,0.49,0
69,7.21,69.74068,31.97065,30.847107,1.6395974,34.89933,0.39,0
213,7.24,70.064835,30.796644,30.568182,1.6395974,35.57047,0.68,0
207,7.24,70.064835,31.383648,30.754131,1.6355705,35.10067,0.78,0
213,7.21,70.226906,31.299791,30.289255,1.6395974,35.033558,0.2,0
138,7.21,70.14587,31.132076,28.429752,1.6275167,35.167786,0.88,0
195,7.24,69.578606,31.63522,28.429752,1.6275167,35.369125,1.17,0
201,7.3,69.254456,31.719076,28.70868,1.6275167,35.503357,0.1,0
151,7.26,69.254456,31.383648,28.057852,1.6315436,35.771812,0.68,0
201,7.2,69.254456,31.299791,27.407024,1.6315436,35.83893,0.49,0
82,7.18,68.84927,30.796644,27.778925,1.6315436,36.577183,0.88,0
207,7.27,68.84927,30.96436,27.871902,1.6315436,36.44295,0.78,0
201,7.22,68.52512,31.383648,27.407024,1.6275167,36.37584,0.59,0
132,7.21,68.687195,31.215933,27.592976,1.6275167,36.37584,0.29,0
264,7.27,68.84927,30.712788,27.871902,1.6275167,36.644295,1.07,0
195,7.26,68.84927,31.299791,27.1281,1.6275167,36.1745,0.39,0
238,7.25,68.93031,31.383648,27.221075,1.6275167,36.040268,0.29,0
138,7.31,68.444084,32.64151,27.407024,1.62349,35.43624,0.1,0
213,7.07,69.254456,32.138367,28.243801,1.6194632,35.167786,0.78,0
201,7.03,69.092384,31.719076,28.243801,1.62349,35.57047,1.07,0
163,7.14,68.768234,31.63522,28.243801,1.6154363,35.973156,0.88,0
88,7.07,69.011345,31.383648,27.5,1.6154363,35.973156,0.49,0
50,7.06,70.38898,30.041927,27.778925,1.6154363,35.90604,0.68,0
220,7.07,70.551056,29.371069,28.150827,1.6073825,36.308723,0.29,0
169,7.17,70.632095,29.03564,28.057852,1.6073825,36.510067,0.78,0
207,7.12,70.551056,29.371069,28.243801,1.6114094,36.308723,0.2,0
144,7.1,71.5235,29.958073,27.5,1.6114094,35.033558,0.78,0
251,7.12,72.1718,29.958073,27.592976,1.6154363,34.56376,0.1,0
195,7.15,72.09076,30.041927,27.778925,1.6154363,34.496643,0.68,0
201,7.12,71.68558,29.7065,28.057852,1.6194632,35.10067,1.17,0
88,7.12,71.36143,29.454926,27.407024,1.62349,35.637585,0.88,0
201,7.11,71.5235,28.867924,27.314049,1.6194632,35.83893,0.2,0
257,7.14,71.60454,29.790356,27.221075,1.6194632,35.033558,0.59,0
176,7.15,71.68558,29.874214,27.592976,1.6194632,34.966442,0.39,0
201,7.15,71.5235,29.538784,27.871902,1.6194632,35.369125,0.1,0
88,7.14,71.36143,29.958073,28.70868,1.6194632,35.2349,1.07,0
232,7.21,71.28039,30.209644,28.70868,1.6194632,35.033558,0.78,0
201,7.23,71.36143,29.874214,29.080578,1.6194632,35.167786,0.39,0
69,7.2,70.38898,31.299791,29.545456,1.62349,34.89933,0.88,0
220,7.23,70.38898,31.04822,29.359503,1.62349,35.10067,0.29,0
138,7.28,70.38898,31.215933,29.452478,1.62349,34.966442,0.68,0
232,7.3,70.551056,31.467505,28.801651,1.62349,34.56376,0.2,0
195,7.3,71.92869,32.38994,28.429752,1.62349,32.684563,0.1,0
213,7.35,71.44246,32.22222,27.964874,1.62349,33.221474,1.07,0
169,7.29,71.36143,32.55765,27.68595,1.62349,33.020134,0.39,0
182,7.18,71.5235,32.809223,27.407024,1.62349,32.75168,0.88,0
94,7.32,70.8752,32.55765,27.592976,1.6194632,33.489933,0.1,0
201,7.37,71.36143,31.802937,27.1281,1.6194632,33.691277,0.59,0
213,7.49,71.11832,32.72537,27.407024,1.62349,33.221474,0.78,0
207,7.39,70.79417,32.30608,27.221075,1.6315436,33.758392,0.2,0
94,7.42,72.25284,32.64151,27.1281,1.62349,32.28188,1.17,0
195,7.44,72.00972,33.480083,28.057852,1.62349,31.81208,0.88,0
201,7.51,71.84765,33.563942,27.407024,1.62349,31.879194,0.68,0
220,7.53,72.09076,33.31237,27.68595,1.6275167,31.946308,0.78,0
207,7.54,72.09076,32.64151,27.871902,1.6275167,32.416107,0.29,0
201,7.49,72.09076,31.886791,27.68595,1.6275167,33.020134,0.88,0
195,7.53,73.22528,30.712788,27.871902,1.6275167,32.95302,0.59,0
207,8.02,73.06321,30.712788,27.68595,1.6315436,33.08725,1.17,0
176,7.82,73.4684,29.538784,28.057852,1.6315436,33.8255,0.29,0
132,7.62,73.87358,29.538784,27.314049,1.6275167,33.422817,0.88,0
245,7.56,74.84602,30.041927,27.592976,1.62349,32.214767,0.1,0
188,7.57,74.76499,30.37736,28.336777,1.62349,32.013424,0.2,0
238,7.56,72.65802,31.04822,27.871902,1.6315436,33.15436,0.68,0
188,7.51,72.33388,30.96436,27.035124,1.6355705,33.55705,1.17,0
207,7.62,71.76661,31.215933,26.663223,1.6355705,33.8255,0.1,0
257,7.66,71.84765,31.215933,27.314049,1.6355705,33.758392,0.88,0
25,7.72,72.33388,31.886791,28.057852,1.6355705,32.818794,0.39,0
176,7.55,72.33388,32.138367,28.243801,1.6315436,32.61745,1.17,0
126,7.52,72.25284,31.467505,28.243801,1.6275167,33.221474,0.88,0
264,7.68,72.09076,31.215933,27.964874,1.6275167,33.55705,1.27,0
245,8,71.76661,30.2935,28.429752,1.6275167,34.630875,0.39,0
169,7.9,71.36143,29.790356,27.871902,1.6275167,35.302013,1.07,0
182,7.5,72.25284,29.371069,28.336777,1.6275167,34.89933,0.78,0
201,7.6,72.65802,29.119495,28.243801,1.6275167,34.7651,0.2,0
251,7.5,72.33388,30.712788,29.173553,1.6275167,33.691277,0.39,0
195,7.9,72.49595,31.467505,29.080578,1.6275167,33.020134,0.88,0
257,8,73.79254,30.712788,29.359503,1.62349,32.550335,1.07,0
245,7.9,73.63047,30.628931,29.26653,1.62349,32.75168,0.68,0
245,7.8,72.98217,30.125788,28.801651,1.62349,33.691277,0.1,0
257,7.9,73.38736,30.041927,29.173553,1.62349,33.422817,0.78,0
264,7.6,72.98217,30.712788,29.731405,1.62349,33.221474,0.68,0
220,7.9,72.1718,30.209644,29.359503,1.62349,34.295303,0.1,0
245,7.8,72.57698,30.545073,29.26653,1.62349,33.691277,0.29,0
251,7.5,72.49595,30.96436,29.452478,1.62349,33.489933,1.07,0
257,7.9,72.09076,31.132076,29.080578,1.62349,33.691277,0.1,0
213,7.63,72.09076,30.628931,28.243801,1.6275167,34.09396,0.59,0
157,7.71,72.65802,29.790356,27.871902,1.62349,34.228188,0.2,0
207,7.72,71.92869,29.958073,28.70868,1.62349,34.630875,0.39,0
151,7.53,71.76661,29.371069,28.615702,1.62349,35.302013,1.17,0
201,7.82,71.60454,30.37736,28.336777,1.6194632,34.630875,0.78,0
220,7.52,72.25284,30.2935,28.987604,1.6194632,34.16107,0.1,0
207,7.44,72.49595,30.545073,29.173553,1.6154363,33.758392,0.88,0
151,7.42,72.73906,30.461216,29.26653,1.6194632,33.62416,0.29,0
163,7.34,72.57698,29.622643,29.173553,1.6154363,34.42953,0.39,0
69,7.42,73.06321,30.628931,29.26653,1.62349,33.15436,0.59,0
31,7.72,73.4684,30.628931,29.080578,1.6194632,32.885906,0.29,0
69,7.72,72.90114,30.2935,29.359503,1.62349,33.691277,0.59,0
107,7.53,72.8201,30.125788,29.080578,1.62349,33.8255,0.68,0
75,7.5,72.57698,30.628931,28.987604,1.6194632,33.62416,0.1,0
100,7.51,72.73906,30.2935,28.522726,1.6194632,33.758392,0.78,0
144,7.41,72.1718,30.041927,28.70868,1.62349,34.42953,0.68,0
151,8.12,72.73906,29.958073,29.452478,1.6194632,34.026844,0.49,0
144,7.43,73.06321,29.622643,31.126032,1.62349,34.026844,0.29,0
220,7.03,73.14425,29.874214,31.033056,1.6275167,33.758392,0.68,0
195,7.58,73.54944,29.874214,31.126032,1.6275167,33.489933,0.88,0
188,7.32,73.87358,29.790356,31.033056,1.6275167,33.221474,0.59,0
226,7.43,72.90114,29.203354,30.754131,1.6315436,34.496643,0.88,0
213,7.8,72.8201,29.538784,29.545456,1.6315436,34.295303,0.2,0
201,7.01,72.41491,29.790356,29.173553,1.6315436,34.362415,0.68,0
207,7.51,72.57698,29.203354,29.452478,1.6275167,34.7651,0.29,0
220,7.02,72.65802,29.622643,28.894629,1.6275167,34.362415,0.24,0
226,7.05,72.65802,29.287212,29.080578,1.6275167,34.630875,0.41,0
238,7.06,72.25284,28.784067,28.801651,1.6315436,35.302013,0.7,0
207,7.1,72.25284,28.784067,28.801651,1.6275167,35.369125,0.51,0
182,7.4,72.00972,30.712788,28.987604,1.6315436,34.026844,0.51,0
232,7.5,72.00972,31.04822,29.080578,1.6315436,33.758392,0.41,0
195,7.34,71.28039,30.712788,28.801651,1.6315436,34.630875,0.46,0
207,7.29,71.03728,31.04822,28.894629,1.6315436,34.56376,0.62,0
238,7.28,71.36143,30.125788,30.103306,1.6355705,35.033558,0.27,0
201,7.25,71.92869,29.622643,29.080578,1.6395974,35.033558,0.41,0
238,7.41,72.00972,29.538784,28.70868,1.6355705,34.966442,0.68,0
201,7.28,71.76661,29.874214,29.173553,1.6395974,34.89933,0.46,0
232,7.45,72.00972,30.125788,29.359503,1.6395974,34.496643,0.65,0
245,7.58,71.60454,30.209644,30.103306,1.6436242,34.697987,0.84,0
207,7.5,71.60454,30.2935,30.103306,1.6436242,34.697987,0.43,0
169,8.3,72.1718,30.461216,29.452478,1.6395974,34.09396,0.22,0
188,7.9,72.33388,29.454926,29.452478,1.6436242,34.7651,0.51,0
213,7.5,72.8201,28.616352,29.359503,1.6436242,35.10067,0.3,0
226,7.8,73.14425,28.280922,29.26653,1.6395974,35.033558,0.57,0
220,8.3,73.54944,28.197063,29.26653,1.6436242,34.7651,0.46,0
220,8,73.14425,28.867924,29.080578,1.6436242,34.56376,0.78,0
207,7.4,73.06321,28.70021,29.080578,1.6436242,34.7651,0.62,0
220,7.5,73.06321,28.197063,29.26653,1.6436242,35.167786,0.76,0
201,7.6,73.4684,28.280922,29.173553,1.6436242,34.7651,0.57,0
257,7.1,73.4684,28.280922,28.522726,1.6436242,34.7651,0.68,0
195,7.49,73.79254,28.280922,28.243801,1.6436242,34.56376,0.59,0
188,7.34,73.14425,28.532494,30.19628,1.6436242,34.832214,0.2,0
182,8.1,72.57698,28.784067,30.568182,1.6436242,35.10067,0.29,0
195,7.33,72.25284,28.951782,30.289255,1.6436242,35.2349,0.29,0
182,7.55,72.25284,28.951782,31.033056,1.6395974,35.2349,0.68,0
182,7.38,72.33388,28.70021,31.404959,1.6194632,35.369125,0.39,0
238,7.41,73.14425,29.622643,29.731405,1.6355705,33.959732,0.29,0
201,7.4,73.22528,29.287212,30.289255,1.6436242,34.16107,1.17,0
195,7.52,72.90114,29.203354,30.19628,1.6395974,34.56376,0.88,0
195,7.47,73.14425,30.628931,29.545456,1.6436242,33.15436,1.07,0
213,7.29,72.00972,29.119495,30.19628,1.6436242,35.302013,0.68,0
201,7.48,71.76661,29.371069,29.26653,1.6395974,35.302013,0.2,0
232,7.35,71.5235,29.119495,28.894629,1.6395974,35.704697,0.49,0
226,7.44,71.84765,29.371069,29.173553,1.6395974,35.2349,0.59,0
257,7.47,71.28039,29.7065,29.173553,1.6436242,35.43624,0.98,0
245,7.42,71.28039,29.371069,28.615702,1.6436242,35.704697,1.27,0
245,7.65,71.84765,29.119495,28.615702,1.6436242,35.43624,1.07,0
264,7.49,71.68558,29.287212,28.987604,1.6436242,35.369125,0.1,0
257,7.58,71.36143,29.790356,28.70868,1.6436242,35.302013,0.29,0
264,7.49,71.03728,29.790356,27.964874,1.6436242,35.57047,0.88,0
270,7.63,71.28039,29.454926,28.615702,1.6436242,35.637585,0.86,1
289,7.58,71.03728,29.622643,28.057852,1.6395974,35.704697,0.67,1
151,7.59,72.33388,30.125788,27.407024,1.6355705,34.228188,0.97,1
201,7.39,72.90114,29.454926,27.778925,1.6355705,34.295303,0.72,1
270,7.45,73.4684,30.041927,27.5,1.6355705,33.355705,0.67,1
282,7.43,73.14425,30.461216,27.592976,1.6395974,33.28859,0.75,1
307,7.49,72.8201,29.371069,28.987604,1.6395974,34.362415,0.69,1
364,7.63,73.38736,29.371069,28.522726,1.6436242,33.959732,0.69,1
276,7.34,73.54944,29.371069,28.336777,1.6436242,33.8255,0.72,1
169,8.23,73.22528,29.03564,27.68595,1.6436242,34.295303,0.56,1
138,7.42,73.30632,30.2935,27.407024,1.6436242,33.28859,0.78,1
295,7.41,73.22528,30.125788,27.314049,1.6436242,33.489933,0.97,1
289,7.64,73.87358,30.125788,27.407024,1.6436242,32.95302,0.72,1
82,7.37,73.38736,31.467505,28.057852,1.6436242,32.28188,1.06,1
38,7.57,73.38736,31.132076,27.407024,1.6436242,32.550335,1.08,1
50,7.36,74.19773,30.545073,26.477272,1.6436242,32.34899,0.83,1
82,7.63,74.76499,30.545073,26.384298,1.6395974,31.879194,0.61,1
213,7.59,75.25122,30.125788,26.942148,1.6395974,31.81208,0.86,1
282,7.48,75.25122,29.874214,27.5,1.6395974,32.013424,0.81,1
264,7.52,75.33225,30.041927,27.871902,1.6395974,31.81208,0.78,1
301,7.46,74.92706,30.125788,28.801651,1.6395974,32.080536,0.69,1
307,7.58,75.57536,28.784067,27.964874,1.6436242,32.550335,0.61,1
326,7.41,74.76499,29.790356,28.987604,1.6436242,32.483223,0.81,1
251,7.59,74.92706,29.790356,30.289255,1.6436242,32.34899,0.89,1
295,7.34,75.0081,29.622643,29.731405,1.6436242,32.416107,0.75,1
270,7.4,74.1167,29.538784,30.103306,1.6355705,33.221474,0.67,1
326,7.3,75.17018,28.02935,29.917355,1.6315436,33.55705,0.56,1
351,7.5,74.76499,28.197063,30.289255,1.6315436,33.8255,0.72,1
314,7.4,74.76499,28.280922,30.382233,1.6315436,33.691277,0.75,1
282,7.4,75.0081,28.280922,30.19628,1.6315436,33.489933,0.61,1
270,7.4,74.27876,27.945492,30.847107,1.6315436,34.295303,0.89,1
264,7.9,73.38736,29.03564,30.754131,1.6275167,34.228188,0.78,1
326,7.8,72.73906,29.03564,30.382233,1.6315436,34.832214,1.07,1
295,7.6,72.90114,29.119495,30.19628,1.6275167,34.56376,0.88,1
333,7.5,73.54944,28.616352,30.19628,1.6315436,34.42953,0.1,1
320,7.4,73.54944,27.861635,30.103306,1.6315436,35.10067,1.17,1
326,7.6,74.44084,28.02935,29.359503,1.6355705,34.16107,0.59,1
345,7.7,75.08914,27.526205,29.173553,1.6355705,34.026844,0.88,1
257,7.6,75.33225,27.190777,28.336777,1.6355705,34.09396,0.39,1
264,7.6,75.33225,27.861635,28.336777,1.6395974,33.55705,0.1,1
358,7.4,77.682335,27.69392,28.057852,1.6395974,31.744967,0.78,1
264,7.47,77.682335,27.190777,28.70868,1.6395974,32.14765,0.35,1
289,7.42,75.25122,31.215933,28.243801,1.6315436,30.939598,0.35,1
314,7.61,75.49432,30.628931,28.70868,1.6395974,31.208054,0.47,1
301,7.57,75.6564,30.545073,28.894629,1.6395974,31.208054,1,1
289,7.45,75.17018,30.628931,28.801651,1.6355705,31.47651,0.29,1
270,7.48,75.0081,29.7065,29.359503,1.6355705,32.34899,0.59,1
345,7.31,74.3598,30.37736,28.987604,1.6355705,32.34899,0.85,1
333,7.54,74.60292,30.37736,28.429752,1.6395974,32.14765,0.47,1
282,7.29,74.68396,30.2935,27.871902,1.6436242,32.14765,0.44,1
282,7.47,74.76499,30.37736,28.987604,1.6395974,32.013424,0.71,1
270,7.41,74.68396,30.2935,28.894629,1.6395974,32.14765,0.76,1
289,7.39,75.33225,30.041927,28.243801,1.6355705,31.81208,0.44,1
270,7.57,75.17018,29.7065,27.871902,1.6315436,32.214767,0.26,1
295,7.68,74.76499,29.790356,28.801651,1.6315436,32.483223,0.62,1
276,7.51,75.33225,30.041927,28.057852,1.6194632,31.81208,0.5,1
301,7.71,75.17018,30.125788,28.150827,1.6194632,31.879194,0.32,1
307,7.53,75.25122,30.041927,28.057852,1.6154363,31.946308,0.82,1
326,7.38,71.11832,30.96436,28.429752,1.6194632,34.56376,0.88,1
270,7.59,71.19935,30.96436,28.615702,1.62349,34.496643,0.56,1
295,7.77,71.28039,30.880505,28.801651,1.62349,34.56376,0.24,1
333,7.44,71.28039,30.628931,28.894629,1.62349,34.697987,0.26,1
370,7.62,71.5235,29.203354,28.336777,1.6275167,35.637585,0.76,1
377,7.51,71.68558,29.538784,28.801651,1.62349,35.302013,0.26,1
264,7.34,71.60454,29.371069,29.080578,1.6194632,35.503357,0.24,1
358,7.49,71.84765,29.538784,29.452478,1.6154363,35.10067,0.5,1
320,7.38,74.52188,27.35849,28.894629,1.5953021,34.630875,0.76,1
333,7.53,74.44084,27.610062,28.336777,1.5993289,34.496643,0.38,1
307,7.41,74.76499,27.69392,28.150827,1.5993289,34.09396,0.78,1
289,7.18,74.1167,27.945492,28.150827,1.5993289,34.496643,0.26,1
282,7.71,75.0081,26.436058,27.68595,1.5912752,34.966442,0.18,1
276,7.71,75.08914,25.681343,29.173553,1.5993289,35.503357,0.76,1
270,7.65,74.52188,26.771488,29.359503,1.5953021,35.10067,0.71,1
295,7.76,74.52188,26.016771,28.243801,1.6073825,35.704697,0.41,1
339,7.6,75.08914,26.436058,28.150827,1.5993289,34.89933,0.68,1
351,7.4,73.95462,26.603773,28.243801,1.6033558,35.704697,0.82,1
358,7.3,75.17018,26.687632,28.243801,1.6033558,34.630875,0.5,1
370,7.1,75.6564,26.603773,28.243801,1.6073825,34.295303,0.24,1
333,7.8,75.08914,26.519917,28.894629,1.6073825,34.832214,0.53,1
282,7.2,74.60292,26.436058,28.522726,1.6073825,35.302013,0.15,1
257,7.5,74.44084,26.687632,28.801651,1.6033558,35.2349,0.79,1
301,7.6,73.95462,27.02306,28.894629,1.6154363,35.369125,0.82,1
333,7.2,73.87358,25.681343,29.638428,1.6114094,36.577183,0.38,1
314,7.4,73.30632,26.100628,29.359503,1.6154363,36.577183,0.41,1
351,7.5,73.87358,26.268345,29.173553,1.6114094,36.040268,0.24,1
339,7.3,73.63047,26.184486,27.314049,1.6154363,36.308723,0.26,1
264,7.4,76.953,26.519917,25.268595,1.6114094,33.28859,0.59,1
333,7.5,77.115074,26.436058,25.082644,1.6154363,33.221474,0.88,1
370,7.3,75.98055,27.274633,25.36157,1.6154363,33.489933,0.1,1
326,7.1,75.818474,27.190777,25.547522,1.6033558,33.691277,0.78,1
251,7.4,76.142624,28.02935,25.73347,1.5832216,32.75168,0.59,1
301,7.3,76.061584,28.36478,26.477272,1.5791947,32.550335,0.29,1
270,7.2,75.6564,28.280922,26.663223,1.5751678,32.95302,1.07,1
320,7.1,76.061584,27.69392,27.407024,1.5671141,33.08725,0.78,1
282,7.5,72.73906,28.197063,27.964874,1.5590605,35.43624,0.39,1
301,7.6,72.73906,28.280922,26.942148,1.5630872,35.302013,0.98,1
295,7.2,72.41491,28.70021,26.849174,1.5630872,35.369125,0.49,1
339,7.4,72.09076,29.119495,26.756199,1.5590605,35.2349,0.1,1
320,7.6,72.57698,29.454926,27.871902,1.5630872,34.56376,0.88,1
289,7.3,72.8201,29.622643,27.964874,1.5550336,34.228188,0.39,1
276,7.4,72.8201,29.538784,28.150827,1.5550336,34.362415,0.59,1
370,7.5,72.49595,29.790356,28.70868,1.5550336,34.362415,0.49,1
295,7.8,71.76661,29.7065,28.243801,1.5550336,34.966442,0.1,1
351,7.9,71.60454,30.125788,27.964874,1.5550336,34.7651,0.78,1
282,7.3,72.90114,29.119495,27.035124,1.5590605,34.56376,1.07,1
307,8,73.71151,28.951782,26.849174,1.5590605,34.026844,0.2,1
364,7.4,74.1167,29.7065,26.291323,1.5671141,33.15436,0.68,1
257,7.9,74.1167,28.616352,27.035124,1.5590605,33.959732,1.17,1
251,7.3,73.87358,28.616352,26.756199,1.5671141,34.16107,0.88,1
326,7.6,73.95462,28.867924,26.756199,1.5751678,33.8255,0.98,1
270,7.8,73.95462,30.125788,29.359503,1.5872483,32.885906,0.59,1
339,7.3,73.63047,29.874214,29.638428,1.5791947,33.355705,0.39,1
351,7.4,73.87358,29.958073,29.917355,1.5832216,33.08725,0.68,1
282,7.2,74.1167,29.371069,29.545456,1.5832216,33.355705,0.88,1
295,7.4,72.33388,30.461216,28.801651,1.5832216,34.026844,0.39,1
264,7.8,72.73906,29.874214,27.778925,1.5872483,34.09396,0.29,1
370,7.9,72.49595,30.209644,28.894629,1.5751678,34.026844,0.78,1
289,7.8,72.25284,30.545073,28.801651,1.5791947,33.959732,1.17,1
320,8.3,72.09076,29.119495,28.894629,1.5912752,35.2349,0.1,1
333,7.4,72.25284,28.951782,28.615702,1.5953021,35.2349,0.98,1
282,7.8,72.1718,29.371069,28.150827,1.5993289,34.966442,0.88,1
276,7.6,73.54944,29.371069,27.778925,1.5993289,33.8255,0.59,1
364,7.8,73.38736,29.454926,28.429752,1.5912752,33.959732,0.68,1
358,7.9,73.38736,29.454926,28.336777,1.5993289,33.892616,1.17,1
351,7.3,73.30632,30.209644,28.243801,1.5993289,33.355705,0.88,1
370,7.4,73.06321,30.125788,28.522726,1.5993289,33.62416,1.27,1
314,7.9,71.5235,30.37736,28.801651,1.6033558,34.697987,0.78,1
295,7,70.79417,30.125788,28.522726,1.6073825,35.503357,0.49,1
345,7,71.03728,30.209644,28.336777,1.6033558,35.2349,0.88,1
314,7.19,71.68558,30.37736,28.70868,1.5993289,34.630875,1.07,1
301,7.22,72.1718,31.215933,28.057852,1.5912752,33.489933,0.78,1
320,7.22,72.00972,30.37736,27.778925,1.5912752,34.295303,0.49,1
301,7.29,71.84765,30.37736,28.057852,1.5832216,34.42953,0.49,1
326,7.35,72.09076,31.467505,28.057852,1.571141,33.355705,0.59,1
295,7.35,72.90114,31.719076,26.384298,1.5630872,32.550335,0.68,1
320,7.46,72.90114,32.30608,28.801651,1.5630872,32.013424,1.07,1
295,7.41,73.30632,32.38994,29.452478,1.5671141,31.610739,0.49,1
364,7.45,72.90114,33.0608,29.82438,1.5751678,31.342281,0.1,1
295,7.61,72.41491,33.0608,29.26653,1.5832216,31.879194,1.07,1
276,7.92,71.76661,33.6478,29.452478,1.5872483,31.81208,0.39,1
295,8.05,71.92869,33.899372,28.894629,1.5872483,31.543625,0.88,1
264,7.81,71.5235,33.98323,28.243801,1.5832216,31.81208,0.39,1
320,7.86,70.38898,32.05451,27.778925,1.5751678,34.228188,0.1,1
289,7.65,71.03728,30.880505,27.964874,1.571141,34.7651,0.98,1
314,7.23,71.19935,30.545073,28.243801,1.5671141,34.832214,0.2,1
345,7.7,71.68558,29.874214,28.801651,1.5671141,34.966442,0.68,1
238,7.77,70.226906,35.995808,27.778925,1.5832216,31.275167,0.88,1
320,7.7,70.38898,34.905663,28.057852,1.5872483,32.080536,0.49,1
307,7.62,70.632095,34.234802,27.68595,1.5912752,32.416107,0.68,1
326,7.57,71.44246,33.731655,27.1281,1.5872483,32.080536,0.39,1
314,7.64,74.92706,29.454926,26.849174,1.5832216,32.550335,0.2,1
245,7.71,74.84602,29.790356,26.756199,1.5832216,32.416107,0.88,1
289,7.59,74.68396,28.951782,27.592976,1.5791947,33.221474,0.1,1
339,7.58,75.73744,29.622643,28.429752,1.571141,31.81208,0.49,1
333,7.66,75.98055,28.867924,28.615702,1.5751678,32.214767,0.68,1
358,7.59,75.57536,28.784067,28.801651,1.5671141,32.61745,1.07,1
345,7.68,75.6564,29.371069,27.407024,1.5832216,32.080536,0.68,1
333,7.64,75.6564,31.132076,30.19628,1.5791947,30.738256,1.17,1
345,7.58,75.413284,31.63522,30.289255,1.5751678,30.469799,0.68,1
276,7.58,75.25122,31.467505,30.19628,1.5791947,30.738256,0.39,1
264,7.53,75.0081,31.802937,30.289255,1.5832216,30.67114,0.1,1
295,7.46,75.0081,31.299791,32.148758,1.5872483,31.073826,1.17,1
289,7.48,74.27876,32.38994,31.96281,1.5912752,30.805368,0.1,1
276,7.57,73.79254,32.38994,32.055786,1.5953021,31.208054,0.88,1
326,7.51,74.1167,31.802937,31.404959,1.5993289,31.342281,0.68,1
307,7.45,74.1167,31.383648,34.008263,1.6033558,31.744967,0.49,1
358,7.78,74.03566,30.628931,34.008263,1.6073825,32.416107,0.2,1
345,7.51,73.95462,30.209644,33.450413,1.6073825,32.818794,1.07,1
245,7.61,73.79254,30.209644,34.008263,1.5993289,32.95302,0.78,1
320,7.62,73.06321,34.989517,32.799587,1.6033558,29.664429,0.1,1
339,7.78,72.65802,35.91195,32.799587,1.5993289,29.32886,0.1,1
333,7.72,73.38736,34.570232,32.613636,1.5993289,29.798658,0.78,1
264,7.68,73.30632,35.073376,31.96281,1.5872483,29.463087,0.78,1
289,7.51,72.41491,35.492664,31.21901,1.5872483,29.865772,0.88,1
276,7.48,72.73906,34.570232,32.055786,1.5872483,30.33557,0.29,1
295,7.39,73.22528,34.067085,31.96281,1.5791947,30.33557,0.68,1
282,7.4,74.03566,33.396225,32.52066,1.5832216,30.268457,0.2,1
264,7.8,73.95462,32.473793,35.309917,1.5953021,31.00671,0.68,1
320,7.6,73.30632,32.89308,34.28719,1.5912752,31.208054,0.29,1
314,7.5,73.54944,33.0608,34.566116,1.5953021,30.872482,0.78,1
282,7.8,73.30632,33.31237,33.54339,1.5993289,30.939598,0.39,1
245,7.4,72.49595,30.712788,35.03099,1.6033558,33.62416,0.49,1
257,7.5,71.84765,30.545073,36.146694,1.5993289,34.295303,0.78,1
264,7.6,71.92869,29.790356,36.42562,1.6033558,34.832214,0.29,1
333,7.4,71.84765,29.958073,36.518593,1.6033558,34.7651,0.59,1
320,7.3,70.8752,29.874214,34.47314,1.6114094,35.637585,0.29,1
307,7.2,71.44246,29.790356,34.008263,1.6194632,35.302013,0.68,1
276,7.1,71.5235,28.197063,33.54339,1.62349,36.44295,1.17,1
270,7.4,71.84765,28.280922,35.774796,1.6315436,36.040268,0.1,1
282,7.8,70.064835,31.299791,34.566116,1.6355705,35.167786,0.78,1
301,7.9,69.659645,30.880505,34.101242,1.6395974,35.83893,1.07,1
295,7.3,69.983795,31.719076,33.72934,1.6516778,34.89933,0.59,1
307,7.2,69.983795,31.719076,34.47314,1.6557047,34.89933,0.2,1
264,7.87,69.983795,31.802937,34.47314,1.6557047,34.832214,0.39,1
301,0.9,70.226906,31.467505,34.566116,1.6597316,34.89933,0.88,1
270,7.57,70.71313,30.880505,34.93802,1.6597316,34.966442,0.68,1
314,0.9,70.632095,30.96436,35.309917,1.6637585,34.966442,0.98,1
345,7.8,70.95624,31.551363,34.84504,1.6557047,34.295303,0.78,1
307,7.6,71.11832,30.712788,34.101242,1.6597316,34.7651,1.07,1
333,8,71.5235,30.209644,34.93802,1.6637585,34.832214,0.68,1
358,8.3,71.5235,30.041927,35.309917,1.6597316,34.966442,0.59,1
257,7.3,71.36143,30.37736,35.774796,1.6557047,34.7651,0.88,1
295,7.85,71.44246,31.04822,35.960747,1.6557047,34.228188,0.2,1
276,8.4,71.19935,30.461216,36.146694,1.6557047,34.89933,1.07,1
301,8.95,70.95624,31.383648,35.774796,1.6557047,34.362415,0.49,1
282,9.5,71.11832,32.138367,36.42562,1.6476511,33.62416,0.2,1
295,10.05,70.95624,31.97065,36.611572,1.6516778,33.892616,0.68,1
326,10.6,70.71313,32.05451,36.890495,1.6516778,34.026844,0.88,1
264,7.49,70.47002,31.886791,37.262398,1.6516778,34.362415,0.78,1
282,7.8,70.14587,32.64151,37.355373,1.6516778,34.026844,0.1,1
326,7.9,69.983795,32.38994,37.913223,1.6557047,34.362415,0.49,1
295,7.6,69.578606,32.38994,37.913223,1.6516778,34.697987,0.68,1
276,7.4,69.416534,32.473793,38.099174,1.6557047,34.7651,0.2,1
289,7.1,69.902756,31.551363,37.54132,1.6516778,35.10067,0.29,1
257,7.9,69.983795,31.299791,38.0062,1.6557047,35.302013,1.07,1
364,7.5,70.14587,31.551363,38.378098,1.6557047,34.89933,0.88,1
333,7.3,70.064835,31.383648,38.471073,1.6557047,35.10067,1.17,1
320,7.9,69.416534,30.545073,36.146694,1.6557047,36.308723,0.59,1
339,8,69.659645,30.209644,35.03099,1.6557047,36.37584,0.68,1
326,7.3,69.82172,30.461216,35.12397,1.6557047,36.107384,0.1,1
289,8.1,69.74068,30.37736,34.752068,1.6557047,36.1745,0.59,1
314,7.4,71.36143,29.287212,34.752068,1.6597316,35.704697,0.39,1
345,7.8,72.00972,28.36478,35.49587,1.6637585,35.90604,0.2,1
270,7.1,71.92869,28.784067,35.309917,1.6637585,35.637585,1.07,1
364,8.4,71.68558,29.203354,35.49587,1.6597316,35.503357,0.2,1
314,8.1,73.14425,29.7065,34.47314,1.6677853,33.892616,0.68,1
358,8.2,73.4684,29.7065,34.47314,1.6677853,33.62416,0.29,1
276,7.3,72.8201,30.37736,34.659092,1.671812,33.691277,0.2,1
326,7.4,72.33388,30.796644,33.636364,1.671812,33.691277,0.59,1
282,7.5,72.57698,30.712788,32.148758,1.6677853,33.55705,0.39,1
270,7,72.65802,30.37736,31.869833,1.6677853,33.758392,0.68,1
295,7.9,71.92869,29.7065,31.126032,1.671812,34.89933,1.17,1
289,7.5,72.41491,29.454926,29.731405,1.6637585,34.697987,0.59,1
314,7.6,72.25284,28.951782,30.103306,1.6597316,35.302013,1.27,1
301,8.1,72.33388,28.867924,29.82438,1.6677853,35.2349,0.39,1
351,7.4,72.49595,28.951782,32.055786,1.675839,35.033558,0.88,1
276,7.5,72.00972,29.119495,31.683884,1.675839,35.302013,0.2,1
358,7.8,71.11832,29.790356,32.427685,1.671812,35.503357,0.49,1
270,7.1,71.19935,29.790356,32.613636,1.6597316,35.43624,0.78,1
301,7.6,71.28039,28.784067,32.241737,1.6677853,36.1745,0.88,1
270,7.4,71.44246,28.867924,32.427685,1.6637585,35.90604,1.17,1
264,7.2,72.25284,27.945492,30.847107,1.6798658,36.040268,0.88,1
276,7.5,72.8201,28.36478,27.314049,1.675839,35.167786,0.39,1
270,7.52,72.8201,28.448637,27.407024,1.6798658,35.167786,0.68,1
276,7.52,72.73906,28.616352,28.801651,1.6798658,35.10067,0.68,1
270,7.29,73.22528,30.796644,30.103306,1.6798658,32.95302,0.1,1
307,7.25,73.38736,30.2935,30.940083,1.6838927,33.221474,0.49,1
320,7.61,72.65802,29.874214,31.311983,1.6798658,34.09396,1.07,1
314,7.35,72.1718,30.041927,32.055786,1.6798658,34.496643,0.88,1
270,7.77,73.06321,30.37736,31.21901,1.671812,33.355705,0.39,1
276,7.65,73.06321,30.2935,31.590908,1.671812,33.55705,0.68,1
270,8.02,73.4684,30.2935,32.427685,1.6677853,33.221474,0.2,1
276,7.71,73.22528,30.628931,33.078514,1.6677853,33.08725,0.78,1
270,7.51,73.4684,30.880505,32.613636,1.6677853,32.684563,1.07,1
301,7.7,73.63047,30.796644,32.799587,1.6637585,32.61745,0.88,1
270,7.51,74.19773,30.545073,33.357437,1.6677853,32.28188,1.17,1
276,7.44,73.38736,30.712788,33.54339,1.6637585,32.885906,0.88,1
207,7.41,73.22528,30.880505,34.008263,1.6677853,32.885906,1.07,1
207,7.29,73.06321,30.880505,34.008263,1.6677853,33.08725,0.2,1
213,7.34,73.4684,31.132076,32.52066,1.6677853,32.550335,0.88,1
201,7.33,73.4684,31.551363,32.70661,1.6677853,32.14765,0.39,1
282,7.62,71.28039,29.790356,33.264465,1.675839,35.369125,0.1,1
207,7.42,70.95624,29.7065,32.892563,1.675839,35.704697,0.78,1
276,7.91,71.36143,28.951782,34.47314,1.675839,35.973156,0.2,1
282,7.02,71.44246,28.867924,34.566116,1.675839,35.973156,0.1,1
264,7.44,71.92869,28.02935,35.774796,1.675839,36.241608,1.07,1
276,7.04,72.09076,28.280922,35.681816,1.6798658,35.90604,0.24,1
207,7.01,71.92869,28.532494,34.28719,1.6838927,35.83893,0.46,1
270,7.05,71.92869,28.532494,34.194214,1.6838927,35.83893,0.51,1
295,7.08,72.98217,30.041927,34.566116,1.6838927,33.758392,0.57,1
289,7.35,72.8201,29.790356,34.659092,1.6798658,34.09396,0.24,1
345,7.37,73.06321,29.790356,35.03099,1.6798658,33.892616,0.38,1
314,7.41,73.14425,29.958073,35.681816,1.6798658,33.691277,0.57,1
351,7.8,72.8201,30.712788,35.960747,1.6798658,33.355705,0.54,1
264,7.4,72.8201,30.96436,37.820248,1.675839,33.15436,0.73,1
364,7.9,72.41491,31.383648,38.099174,1.675839,33.15436,0.51,1
377,7.5,72.33388,31.215933,39.400826,1.671812,33.355705,0.32,1
282,7.6,71.76661,31.215933,39.586777,1.675839,33.758392,0.46,1
276,7.5,71.19935,31.383648,39.30785,1.671812,34.16107,0.59,1
320,7.4,71.44246,31.383648,40.144627,1.671812,33.959732,0.51,1
276,7.9,71.19935,30.712788,41.07438,1.6677853,34.697987,0.41,1
345,8,71.84765,29.874214,41.91116,1.6637585,34.89933,0.35,1
333,7.6,71.60454,30.125788,41.632233,1.6597316,34.89933,0.59,1
364,7.5,71.5235,30.37736,41.26033,1.6597316,34.697987,24,1
326,7.4,71.76661,30.545073,41.725204,1.6597316,34.362415,0.57,1
351,7.3,71.76661,29.958073,41.632233,1.6597316,34.832214,0.51,1
377,7.2,71.76661,30.041927,41.539257,1.6597316,34.7651,0.32,1
307,7.4,71.84765,29.790356,41.725204,1.6597316,34.89933,0.73,1
295,7.9,72.00972,29.790356,41.81818,1.6597316,34.7651,0.51,1
295,7.3,71.5235,30.796644,42.28306,1.6597316,34.362415,0.19,1
245,7,71.44246,30.712788,42.28306,1.6597316,34.496643,0.51,1
282,7.9,72.1718,30.041927,42.46901,1.6597316,34.42953,0.41,1
264,7.2,72.33388,30.209644,42.190083,1.6597316,34.16107,0.32,1
339,7.5,71.68558,30.461216,42.376034,1.6557047,34.496643,0.54,1
289,7.6,71.60454,30.628931,42.46901,1.6557047,34.42953,0.46,1
333,7.4,71.5235,29.958073,42.00413,1.6557047,35.033558,0.46,1
301,7.5,70.95624,30.96436,41.91116,1.6557047,34.697987,0.43,1
314,7.9,71.92869,31.299791,40.981403,1.6557047,33.62416,0.49,1
326,8.2,72.1718,31.299791,39.95868,1.6557047,33.422817,0.57,1
358,8.1,72.49595,31.383648,39.679752,1.6557047,33.15436,0.46,1
320,8,73.22528,30.96436,39.028927,1.6557047,32.818794,0.35,1
339,8,71.68558,31.467505,40.144627,1.6557047,33.691277,0.62,1
226,7.2,71.92869,31.551363,40.237602,1.6557047,33.422817,0.46,1
326,8.1,71.60454,31.299791,40.51653,1.6557047,33.8255,0.41,1
232,8.1,71.5235,31.299791,40.609505,1.6557047,33.959732,0.41,1
301,8,71.68558,30.712788,40.330578,1.6516778,34.295303,0.32,1
351,7.4,71.84765,31.383648,40.888428,1.6516778,33.691277,0.78,1
282,7.5,71.68558,31.215933,41.539257,1.6557047,33.892616,0.3,1
364,7.9,71.68558,31.467505,41.632233,1.6557047,33.758392,0.32,1
370,7.5,71.68558,31.63522,42.00413,1.6557047,33.55705,0.73,1
295,8,71.76661,31.802937,41.91116,1.6597316,33.422817,0.78,1
270,8.3,71.92869,31.551363,41.725204,1.6557047,33.355705,0.76,1
377,8.1,71.68558,31.132076,41.26033,1.6557047,33.959732,0.57,1
264,7.9,71.76661,31.97065,40.888428,1.6557047,33.221474,0.65,1
213,7.8,71.76661,31.467505,40.423553,1.6557047,33.62416,0.51,1
370,7.3,71.84765,31.886791,40.609505,1.6597316,33.15436,0.65,1
351,7.9,71.19935,32.72537,40.237602,1.6597316,33.08725,0.59,1
333,7.4,71.36143,33.144653,39.679752,1.6637585,32.684563,0.41,1
301,7.5,71.84765,33.144653,39.121902,1.6677853,32.214767,0.57,1
345,7.1,71.84765,33.22851,38.93595,1.6677853,32.080536,0.59,1
370,7.3,71.36143,33.396225,38.75,1.6637585,32.416107,0.49,1
339,7.5,72.25284,32.38994,38.0062,1.6597316,32.483223,0.65,1
377,7.8,72.33388,32.64151,37.727272,1.6557047,32.214767,0.86,1
351,7.9,72.09076,32.473793,37.820248,1.6557047,32.550335,0.57,1
339,7.5,71.92869,32.38994,37.820248,1.6557047,32.818794,0.59,1
201,7.8,70.95624,32.22222,37.169422,1.6557047,33.691277,0.65,1
345,7.9,71.36143,32.38994,36.05372,1.6516778,33.221474,0.65,1
333,7.3,71.19935,32.38994,35.681816,1.6476511,33.28859,0.46,1
351,7.5,72.1718,31.63522,34.659092,1.6597316,33.15436,0.3,1
295,8.2,72.49595,31.299791,34.28719,1.6557047,33.15436,0.49,1
282,8,71.92869,31.719076,34.28719,1.6597316,33.355705,0.78,1
257,7.4,71.76661,32.138367,35.03099,1.6597316,33.08725,0.1,1
270,7.9,71.60454,31.383648,34.659092,1.6557047,33.8255,0.78,1
289,7.3,71.84765,31.63522,34.101242,1.6557047,33.422817,1.07,1
301,7.8,72.1718,31.886791,34.008263,1.6516778,32.885906,0.88,1
295,7.2,72.09076,31.97065,34.84504,1.6476511,32.95302,0.39,1
276,7.3,71.84765,30.37736,36.42562,1.6436242,34.496643,0.88,1
326,7.9,71.60454,31.299791,36.332645,1.6315436,33.892616,0.49,1
270,7.5,71.68558,31.63522,36.98347,1.6275167,33.55705,0.1,1
289,8.1,71.36143,32.64151,37.076447,1.6315436,33.08725,0.68,1
314,8,71.28039,33.0608,35.867767,1.6395974,32.75168,1.07,1
345,7.9,72.33388,32.22222,35.588844,1.6476511,32.550335,0.78,1
307,7.3,72.73906,31.63522,35.774796,1.6597316,32.61745,0.2,1
339,7.2,71.60454,30.2935,36.146694,1.671812,34.697987,0.78,1
314,7.9,72.25284,32.55765,36.146694,1.671812,32.34899,0.1,1
333,7.4,72.41491,33.22851,35.774796,1.671812,31.677853,0.68,1
351,7.6,72.25284,33.480083,35.681816,1.671812,31.543625,1.07,1
358,7.8,72.09076,33.480083,35.681816,1.671812,31.744967,0.29,1
301,7.3,71.5235,34.318657,35.309917,1.675839,31.543625,0.78,1
326,7.4,71.84765,34.234802,35.588844,1.675839,31.342281,0.1,1
314,7.8,72.00972,33.6478,36.05372,1.675839,31.677853,0.88,1
320,7.94,72.1718,33.480083,36.05372,1.675839,31.677853,0.29,1
358,7.02,72.25284,33.22851,36.890495,1.675839,31.81208,0.68,1
345,7.85,72.00972,33.0608,37.262398,1.671812,32.214767,0.1,1
314,7.04,72.41491,33.144653,37.355373,1.6677853,31.744967,0.78,1
333,7.62,72.25284,32.89308,37.727272,1.6677853,32.080536,0.59,1
339,7.67,71.76661,32.30608,37.44835,1.671812,32.95302,0.39,1
326,7.88,72.00972,32.30608,37.169422,1.671812,32.75168,0.1,1
351,7.96,72.00972,32.30608,36.332645,1.6677853,32.75168,0.29,1
301,7.05,72.00972,31.97065,36.146694,1.6677853,32.95302,0.88,1
251,7.87,73.22528,33.31237,36.332645,1.6597316,30.939598,0.39,1
326,7.01,73.95462,33.396225,35.867767,1.6557047,30.268457,0.2,1
289,7.03,73.95462,33.396225,35.402893,1.6597316,30.268457,0.49,1
276,7.91,74.60292,33.731655,35.21694,1.6557047,29.395973,1.07,1
245,7.02,74.52188,33.480083,35.867767,1.6557047,29.731543,0.78,1
345,7.44,73.95462,34.737946,35.960747,1.6597316,29.19463,0.39,1
320,7.58,73.54944,34.654087,36.890495,1.6557047,29.597317,0.49,1
270,7.32,73.14425,34.234802,36.704544,1.6557047,30.268457,0.59,1
245,7.01,73.30632,34.150944,36.98347,1.6597316,30.201342,0.88,1
314,7.51,73.38736,34.067085,36.704544,1.6597316,30.268457,0.1,1
307,7.34,73.30632,34.318657,36.704544,1.6557047,30,1.07,1
326,7.37,72.98217,34.654087,36.704544,1.6516778,30.067116,0.78,1
320,7.41,73.22528,34.486374,36.518593,1.6516778,30.067116,0.59,1
345,7.43,73.38736,33.899372,36.146694,1.6476511,30.33557,0.68,1
307,7.52,73.54944,33.899372,35.960747,1.6476511,30.201342,0.2,1
295,7.35,73.4684,33.98323,36.704544,1.6395974,30.201342,0.39,1
276,7.47,73.22528,35.744236,35.774796,1.6315436,28.993288,1.07,1
301,8.19,72.90114,35.492664,34.659092,1.6516778,29.463087,0.29,1
282,7.38,73.38736,34.737946,34.84504,1.6597316,29.664429,0.88,1
295,7.35,73.4684,34.318657,35.21694,1.6637585,29.932886,0.49,1
326,8.02,73.79254,34.234802,34.84504,1.6677853,29.731543,0.78,1
358,7.42,73.71151,34.989517,34.008263,1.671812,29.261745,0.2,1
314,7.23,73.54944,34.905663,33.636364,1.6677853,29.395973,0.59,1
301,8.1,73.95462,35.157234,32.427685,1.671812,28.791946,0.1,1
220,7.29,74.84602,35.408806,31.311983,1.671812,27.852348,0.29,1
276,7.35,75.17018,34.821804,31.77686,1.671812,28.18792,0.68,1
282,7.34,75.17018,33.98323,31.96281,1.671812,28.85906,0.88,1
264,7.9,75.49432,33.396225,31.869833,1.671812,28.993288,0.39,1
226,7.37,74.68396,32.97694,32.892563,1.675839,30.067116,0.49,1
213,7.41,74.84602,33.563942,32.613636,1.6677853,29.395973,1.07,1
201,7.43,75.17018,34.570232,32.52066,1.6597316,28.322147,0.78,1
207,7.52,74.60292,34.737946,32.892563,1.6516778,28.657719,0.68,1
220,7.35,74.84602,35.744236,33.357437,1.6597316,27.651007,0.68,1
276,7.47,74.84602,35.660378,33.357437,1.6597316,27.71812,0.49,1
226,8.19,74.60292,35.828094,33.822315,1.6436242,27.785234,0.68,1
207,7.38,74.52188,35.324947,33.822315,1.6395974,28.255033,0.1,1
270,7.35,74.44084,35.828094,32.985535,1.6395974,27.919462,0.59,1
295,8.02,74.44084,36.58281,32.427685,1.6557047,27.315437,0.49,1
238,7.42,74.44084,35.995808,32.055786,1.6677853,27.785234,0.88,1
207,7.23,74.68396,35.828094,32.52066,1.6677853,27.71812,0.39,1
232,7.29,74.19773,34.821804,32.892563,1.675839,28.926174,0.1,1
289,7.35,73.95462,34.905663,32.33471,1.671812,28.993288,0.88,1
207,7.29,73.95462,34.821804,32.799587,1.6637585,29.19463,0.59,1
238,7.28,74.44084,34.737946,31.77686,1.6637585,28.724833,0.1,1
201,7.25,76.953,32.38994,30.754131,1.6677853,28.590605,1.07,1
238,7.41,76.790924,32.138367,31.404959,1.671812,28.85906,0.88,1
201,7.28,77.601295,31.04822,31.96281,1.675839,29.127518,0.39,1
232,7.45,77.682335,30.712788,31.869833,1.6798658,29.32886,0.59,1
226,7.29,78.33063,30.880505,31.590908,1.675839,28.657719,0.1,1
238,7.43,78.49271,31.719076,31.21901,1.671812,27.852348,0.88,1
213,7.37,78.49271,31.802937,30.568182,1.6637585,27.785234,0.39,1
226,7.34,78.249596,31.802937,30.568182,1.6637585,27.986578,0.88,1
213,7.41,75.0081,32.89308,30.475206,1.6395974,29.798658,0.49,1
333,7.43,74.92706,32.89308,30.289255,1.6436242,29.865772,0.49,1
270,7.55,74.68396,33.22851,29.917355,1.6395974,29.865772,0.29,1
264,7.24,74.3598,32.64151,30.19628,1.6395974,30.604027,0.59,1
276,7.62,77.52026,30.712788,28.70868,1.6395974,29.463087,0.59,1
295,8.4,77.682335,30.796644,28.801651,1.6355705,29.32886,0.39,1
282,7.95,77.358185,30.628931,27.964874,1.6436242,29.664429,0.59,1
270,7.47,77.439224,30.880505,26.942148,1.6476511,29.395973,0.78,1
289,7.18,77.034035,29.454926,27.035124,1.6557047,30.872482,0.1,1
301,7.2,77.034035,29.03564,27.5,1.6516778,31.208054,0.59,1
295,7.12,77.19611,29.119495,27.592976,1.6516778,31.00671,0.2,1
276,7.01,77.439224,29.371069,27.871902,1.6516778,30.536915,1.17,1
270,7,77.19611,30.545073,26.942148,1.6516778,29.865772,0.1,1
289,7.01,77.19611,30.628931,26.291323,1.6557047,29.798658,0.29,1
314,7,77.115074,30.545073,26.384298,1.6516778,29.932886,0.68,1
345,7,77.52026,30.545073,27.221075,1.6476511,29.597317,0.1,1
307,7.02,80.03241,29.538784,26.105371,1.6677853,28.322147,0.2,1
339,7,79.70827,29.454926,27.035124,1.6677853,28.657719,0.98,1
314,7.03,79.78931,29.454926,26.942148,1.6677853,28.590605,1.07,1
358,7.01,79.30308,30.2935,27.314049,1.6516778,28.322147,0.68,1
301,7,80.19449,29.371069,26.663223,1.6436242,28.322147,0.98,1
314,7.41,78.81685,29.958073,27.221075,1.6395974,29.060404,0.29,1
320,7.94,79.05997,29.454926,27.68595,1.6395974,29.19463,0.98,1
339,7.67,79.222046,29.538784,26.942148,1.6436242,28.993288,0.88,1
326,7.88,79.70827,29.03564,27.221075,1.6395974,28.993288,0.39,1
351,7.96,79.70827,29.958073,27.407024,1.6436242,28.255033,0.29,1
264,7.24,80.35657,29.958073,27.314049,1.6557047,27.71812,0.1,1
276,7.62,80.35657,30.041927,27.314049,1.6557047,27.651007,0.49,1
138,7.68,78.249596,30.545073,26.570248,1.671812,28.993288,0.78,2
88,7.46,77.682335,30.96436,26.384298,1.671812,29.127518,1,2
320,7.62,78.249596,30.796644,26.477272,1.671812,28.791946,0.39,2
333,7.45,79.05997,30.628931,26.198347,1.671812,28.255033,0.2,2
351,7.58,77.52026,31.467505,25.640495,1.675839,28.85906,1.07,2
320,7.68,77.19611,31.802937,25.547522,1.671812,28.791946,0.78,2
339,7.73,77.277145,31.63522,25.454546,1.671812,28.993288,0.88,2
358,11.15,76.790924,31.63522,24.617767,1.675839,29.261745,0.49,2
333,8.26,77.682335,31.97065,24.338842,1.6798658,28.389261,1.17,2
320,7.38,77.277145,32.55765,24.431818,1.6798658,28.18792,0.88,2
370,8.1,77.19611,32.64151,24.617767,1.6798658,28.18792,0.46,2
301,7.9,77.52026,33.144653,24.431818,1.6798658,27.516779,0.51,2
314,7.4,77.76337,32.64151,24.524794,1.6798658,27.71812,0.19,2
270,7.8,77.439224,32.809223,24.617767,1.6798658,27.852348,0.51,2
320,7.5,77.52026,32.55765,24.710745,1.675839,27.986578,0.49,2
345,7.1,77.439224,32.05451,25.268595,1.675839,28.456375,0.38,2
370,8.1,77.844406,32.55765,24.617767,1.675839,27.785234,0.51,2
339,8.3,77.925446,32.22222,24.524794,1.6677853,27.919462,0.32,2
383,8.1,78.573746,32.22222,24.617767,1.675839,27.38255,0.65,2
383,7.8,78.33063,32.30608,24.710745,1.675839,27.516779,0.62,2
377,7.8,77.844406,32.38994,26.198347,1.6798658,27.852348,0.54,2
364,7.3,77.682335,32.64151,26.477272,1.6838927,27.785234,0.7,2
358,7.3,77.76337,32.55765,26.663223,1.6838927,27.785234,0.62,2
333,7.43,77.439224,32.55765,26.384298,1.6879195,28.120806,0.88,2
358,7.8,77.115074,34.067085,24.803719,1.6879195,27.114094,0.49,2
195,7.34,77.358185,34.150944,24.524794,1.6838927,26.845638,1.27,2
345,7.37,76.87196,34.905663,24.059917,1.6879195,26.644295,0.2,2
314,7.41,76.54781,34.821804,24.245867,1.6919463,26.979866,0.68,2
320,7.38,76.87196,35.324947,24.245867,1.6879195,26.308725,0.68,2
333,8.26,77.115074,35.408806,24.245867,1.6879195,26.040268,1.17,2
326,7.13,77.034035,34.654087,24.338842,1.6879195,26.711409,0.88,2
333,7.1,76.87196,34.570232,24.338842,1.6838927,26.91275,0.88,2
351,7.82,76.061584,35.073376,24.896694,1.6798658,27.248322,0.39,2
326,7.33,75.89951,34.905663,24.98967,1.6798658,27.449663,0.1,2
358,7.02,76.54781,33.899372,25.082644,1.6798658,27.71812,1.27,2
345,7.85,75.89951,34.402515,25.268595,1.6798658,27.852348,0.1,2
314,7.04,75.818474,34.821804,24.617767,1.6798658,27.583893,0.68,2
333,7.62,75.89951,34.150944,24.896694,1.6798658,28.053692,0.49,2
320,7.38,75.89951,33.815514,24.617767,1.675839,28.322147,1.07,2
138,7.68,75.818474,33.6478,24.431818,1.675839,28.52349,0.78,2
138,7.68,75.413284,33.563942,24.617767,1.675839,28.926174,0.78,2
358,7.02,74.92706,34.067085,24.524794,1.675839,28.926174,1.27,2
345,7.85,74.92706,34.067085,24.710745,1.671812,28.926174,0.1,2
314,7.04,74.76499,34.486374,25.36157,1.671812,28.791946,0.68,2
333,7.62,70.14587,30.461216,27.964874,1.6154363,35.771812,0.49,2
326,7.33,70.632095,29.790356,27.592976,1.6154363,35.90604,0.1,2
326,7.13,69.74068,32.138367,27.964874,1.6154363,34.7651,0.88,2
333,8.26,69.983795,32.64151,28.150827,1.6154363,34.16107,1.17,2
320,7.38,70.064835,32.809223,28.429752,1.6154363,34.026844,0.68,2
333,7.43,70.064835,32.72537,28.429752,1.6154363,34.026844,0.88,2
358,7.8,70.551056,30.796644,28.987604,1.6194632,35.167786,0.49,2
138,7.68,70.8752,30.461216,28.801651,1.6194632,35.167786,0.78,2
88,7.46,71.03728,30.37736,28.987604,1.6194632,35.10067,1,2
320,7.62,70.95624,30.2935,29.359503,1.6154363,35.302013,0.39,2
333,7.45,70.8752,29.454926,29.080578,1.6154363,35.973156,0.2,2
351,7.58,70.14587,29.790356,28.801651,1.6194632,36.308723,1.07,2
320,7.68,70.226906,29.7065,28.801651,1.6194632,36.308723,0.78,2
339,7.73,69.092384,30.712788,29.359503,1.6194632,36.44295,0.88,2
358,11.15,68.606155,31.383648,30.01033,1.62349,36.37584,0.49,2
333,8.26,68.687195,30.712788,29.917355,1.62349,36.778526,1.17,2
320,7.38,68.687195,30.796644,29.82438,1.62349,36.71141,0.88,2
370,8.1,68.93031,31.04822,29.638428,1.62349,36.308723,0.46,2
301,7.9,68.768234,31.886791,29.545456,1.62349,35.771812,0.51,2
314,7.4,68.84927,31.719076,29.638428,1.62349,35.83893,0.19,2
270,7.8,68.768234,31.551363,29.452478,1.62349,36.040268,0.51,2
320,7.5,68.687195,31.886791,29.452478,1.62349,35.90604,0.49,2
345,7.1,69.335495,31.97065,29.359503,1.62349,35.2349,0.38,2
370,8.1,69.659645,31.63522,28.894629,1.6194632,35.2349,0.51,2
339,8.3,69.74068,31.63522,29.080578,1.62349,35.10067,0.32,2
383,8.1,69.578606,32.38994,29.638428,1.6194632,34.697987,0.65,2
383,7.8,69.578606,32.30608,29.452478,1.6194632,34.7651,0.62,2
377,7.8,69.578606,32.30608,29.638428,1.6194632,34.7651,0.54,2
364,7.3,69.659645,32.38994,29.545456,1.62349,34.630875,0.7,2
358,7.3,69.335495,33.31237,29.359503,1.6275167,34.228188,0.62,2
333,7.43,69.173416,33.22851,29.452478,1.6275167,34.362415,0.88,2
358,7.8,69.416534,32.89308,29.638428,1.6315436,34.42953,0.49,2
195,7.34,69.173416,33.144653,29.638428,1.6275167,34.496643,1.27,2
345,7.37,69.011345,32.809223,29.359503,1.6275167,34.89933,0.2,2
314,7.41,69.011345,32.72537,29.26653,1.6315436,34.89933,0.68,2
320,7.38,68.84927,33.144653,29.452478,1.6275167,34.7651,0.68,2
333,8.26,69.173416,33.144653,29.080578,1.62349,34.42953,1.17,2
326,7.13,69.254456,32.89308,29.731405,1.62349,34.56376,0.88,2
333,7.1,69.254456,33.396225,30.289255,1.62349,34.16107,0.88,2
351,7.82,69.254456,32.38994,30.940083,1.6194632,34.966442,0.39,2
326,7.33,68.84927,32.22222,30.01033,1.6194632,35.43624,0.1,2
358,7.02,68.93031,31.383648,30.475206,1.6154363,36.107384,1.27,2
345,7.85,69.092384,31.215933,30.01033,1.6154363,36.040268,0.1,2
314,7.04,70.38898,30.2935,29.731405,1.6114094,35.704697,0.68,2
333,7.62,71.28039,31.04822,29.173553,1.6154363,34.362415,0.49,2
320,7.38,70.14587,30.125788,27.964874,1.6154363,36.040268,1.07,2
138,7.68,70.064835,29.7065,28.150827,1.6114094,36.44295,0.78,2
138,7.68,70.064835,29.454926,28.057852,1.6114094,36.644295,0.78,2
358,7.02,70.14587,29.454926,29.917355,1.6154363,36.577183,1.27,2
345,7.85,69.74068,29.538784,29.917355,1.6114094,36.84564,0.1,2
314,7.04,69.416534,30.125788,29.545456,1.6154363,36.644295,0.68,2
333,7.62,69.173416,29.874214,29.917355,1.6073825,37.04698,0.49,2
326,7.33,69.335495,29.287212,30.103306,1.6073825,37.38255,0.1,2
326,7.13,70.632095,29.03564,31.311983,1.6033558,36.510067,0.88,2
333,8.26,71.19935,29.371069,31.404959,1.6073825,35.771812,1.17,2
320,7.38,71.03728,30.37736,30.382233,1.6073825,35.10067,0.68,2
333,7.43,71.19935,30.545073,29.82438,1.6114094,34.832214,0.88,2
358,7.8,71.03728,30.880505,29.731405,1.6114094,34.697987,0.49,2
138,7.68,70.632095,31.132076,29.82438,1.6154363,34.832214,0.78,2
88,7.46,71.11832,29.874214,30.568182,1.6154363,35.43624,1,2
320,7.62,71.11832,30.125788,30.568182,1.6114094,35.2349,0.39,2
333,7.45,71.36143,28.784067,30.475206,1.6114094,36.107384,0.2,2
351,7.58,71.28039,28.951782,30.847107,1.6073825,36.107384,1.07,2
320,7.68,70.8752,28.951782,31.033056,1.6073825,36.308723,0.78,2
339,7.73,70.38898,29.119495,31.21901,1.6114094,36.644295,0.88,2
358,11.15,72.00972,28.197063,29.731405,1.6073825,36.040268,0.49,2
333,8.26,72.41491,28.36478,29.638428,1.6114094,35.57047,1.17,2
320,7.38,72.09076,28.113209,29.82438,1.6073825,36.040268,0.88,2
370,8.1,72.65802,27.861635,30.19628,1.6073825,35.771812,0.46,2
301,7.9,71.5235,29.287212,30.01033,1.6073825,35.57047,0.51,2
314,7.4,71.36143,30.041927,30.103306,1.6073825,35.10067,0.19,2
270,7.8,71.5235,29.7065,30.103306,1.6073825,35.167786,0.51,2
320,7.5,71.60454,30.125788,29.545456,1.6114094,34.832214,0.49,2
345,7.1,71.36143,29.622643,29.917355,1.6194632,35.43624,0.38,2
370,8.1,70.95624,29.790356,29.82438,1.62349,35.637585,0.51,2
339,8.3,71.11832,30.209644,30.19628,1.6194632,35.10067,0.32,2
383,8.1,71.03728,30.796644,30.103306,1.6194632,34.7651,0.65,2
383,7.8,72.1718,29.03564,29.82438,1.6154363,35.2349,0.62,2
377,7.8,72.98217,28.784067,29.638428,1.6154363,34.7651,0.54,2
364,7.3,72.57698,29.119495,29.638428,1.6154363,34.832214,0.7,2
358,7.3,72.1718,29.03564,29.545456,1.6154363,35.2349,0.62,2
333,7.43,72.00972,28.70021,30.19628,1.6114094,35.637585,0.88,2
358,7.8,72.09076,28.867924,30.103306,1.6114094,35.503357,0.49,2
195,7.34,72.00972,28.784067,29.82438,1.6114094,35.637585,1.27,2
345,7.37,72.65802,29.454926,29.545456,1.6073825,34.42953,0.2,2
314,7.41,72.57698,29.7065,29.173553,1.6154363,34.362415,0.68,2
320,7.38,72.73906,29.203354,28.70868,1.6154363,34.630875,0.68,2
333,8.26,72.98217,29.7065,29.638428,1.6114094,34.026844,1.17,2
326,7.13,72.73906,29.119495,29.545456,1.6073825,34.7651,0.88,2
333,7.1,72.00972,28.951782,30.01033,1.6073825,35.369125,0.88,2
351,7.82,72.09076,29.03564,29.82438,1.6073825,35.302013,0.39,2
326,7.33,72.09076,29.03564,29.545456,1.6073825,35.302013,0.1,2
358,7.02,72.33388,28.70021,30.568182,1.6114094,35.369125,1.27,2
345,7.85,72.49595,28.867924,31.21901,1.6114094,35.10067,0.1,2
314,7.04,72.65802,28.280922,31.590908,1.6114094,35.503357,0.68,2
333,7.62,72.57698,28.197063,31.497934,1.6114094,35.57047,0.49,2
320,7.38,72.57698,27.861635,31.683884,1.6114094,35.90604,1.07,2
138,7.68,72.65802,27.69392,32.148758,1.6073825,35.83893,0.78,2
138,7.68,72.49595,27.945492,31.96281,1.6114094,35.83893,0.78,2
358,7.02,72.41491,28.36478,31.311983,1.6114094,35.57047,1.27,2
345,7.85,72.41491,28.448637,30.847107,1.6114094,35.43624,0.1,2
314,7.04,72.25284,28.951782,31.869833,1.5953021,35.2349,0.68,2
333,7.62,71.84765,29.287212,31.590908,1.5953021,35.302013,0.49,2
326,7.33,71.76661,29.454926,31.033056,1.5953021,35.2349,0.1,2
326,7.13,72.25284,29.622643,31.497934,1.5953021,34.7651,0.88,2
333,8.26,70.79417,31.719076,30.289255,1.5953021,34.295303,1.17,2
320,7.38,70.38898,32.30608,30.847107,1.5953021,34.09396,0.68,2
333,7.43,70.95624,32.473793,30.382233,1.5993289,33.489933,0.88,2
358,7.8,71.11832,32.30608,30.475206,1.5993289,33.489933,0.49,2
138,7.68,70.71313,33.396225,30.19628,1.6033558,32.95302,0.78,2
88,7.46,70.47002,32.809223,29.545456,1.6033558,33.62416,1,2
320,7.62,70.226906,32.22222,30.19628,1.6033558,34.295303,0.39,2
333,7.45,71.03728,32.138367,29.638428,1.6033558,33.691277,0.2,2
351,7.58,71.44246,32.72537,30.568182,1.6073825,32.885906,1.07,2
320,7.68,71.36143,33.396225,30.847107,1.6114094,32.416107,0.78,2
339,7.73,71.36143,33.31237,30.754131,1.6073825,32.483223,0.88,2
358,11.15,71.19935,32.97694,30.661158,1.6073825,32.95302,0.49,2
333,8.26,72.57698,30.880505,30.475206,1.6033558,33.422817,1.17,2
320,7.38,73.14425,31.04822,30.382233,1.6033558,32.818794,0.88,2
370,8.1,73.30632,30.96436,29.917355,1.5993289,32.684563,0.46,2
301,7.9,72.49595,31.04822,29.731405,1.5993289,33.28859,0.51,2
314,7.4,72.73906,31.132076,30.475206,1.6073825,33.15436,0.19,2
270,7.8,73.06321,30.37736,30.661158,1.5993289,33.422817,0.51,2
320,7.5,72.90114,30.880505,30.01033,1.5993289,33.15436,0.49,2
345,7.1,72.1718,32.22222,29.82438,1.5993289,32.684563,0.38,2
370,8.1,70.8752,32.55765,29.545456,1.5993289,33.489933,0.51,2
339,8.3,70.14587,33.563942,29.080578,1.5993289,33.28859,0.32,2
383,8.1,70.064835,33.144653,29.26653,1.5993289,33.691277,0.65,2
383,7.8,70.14587,33.22851,29.26653,1.5993289,33.62416,0.62,2
377,7.8,70.95624,31.719076,30.19628,1.6073825,34.09396,0.54,2
364,7.3,70.47002,32.72537,30.475206,1.5993289,33.691277,0.7,2
358,7.3,70.71313,31.97065,29.545456,1.6033558,34.16107,0.62,2
333,7.43,69.82172,33.22851,30.19628,1.5953021,33.8255,0.88,2
358,7.8,70.632095,33.144653,30.289255,1.5953021,33.28859,0.49,2
195,7.34,70.551056,33.815514,30.661158,1.5953021,32.75168,1.27,2
345,7.37,70.632095,34.234802,30.661158,1.5953021,32.28188,0.2,2
314,7.41,70.551056,34.150944,30.289255,1.5912752,32.483223,0.68,2
320,7.38,70.307945,33.144653,29.917355,1.5993289,33.55705,0.68,2
333,8.26,71.11832,31.97065,30.01033,1.5953021,33.758392,1.17,2
326,7.13,70.551056,32.97694,30.940083,1.5832216,33.422817,0.88,2
333,7.1,70.064835,32.89308,30.289255,1.5751678,33.8255,0.88,2
351,7.82,70.95624,30.628931,29.359503,1.5832216,34.89933,0.39,2
326,7.33,71.03728,30.2935,29.359503,1.5912752,35.167786,0.1,2
358,7.02,71.60454,29.622643,29.638428,1.5953021,35.2349,1.27,2
345,7.85,72.41491,29.538784,29.26653,1.5993289,34.630875,0.1,2
314,7.04,71.60454,30.125788,30.661158,1.6033558,34.89933,0.68,2
333,7.62,72.25284,28.02935,29.731405,1.5993289,35.973156,0.49,2
320,7.38,72.09076,29.7065,30.475206,1.5993289,34.7651,1.07,2
138,7.68,70.632095,31.467505,30.103306,1.5993289,34.630875,0.78,2
138,7.68,70.632095,31.802937,30.289255,1.6114094,34.295303,0.78,2
358,7.02,71.60454,29.874214,30.103306,1.6114094,35.10067,1.27,2
345,7.85,71.36143,29.538784,31.033056,1.6154363,35.503357,0.1,2
314,7.04,71.44246,30.96436,30.661158,1.6194632,34.295303,0.68,2
333,7.62,72.25284,30.796644,32.055786,1.6114094,33.758392,0.49,2
326,7.33,72.49595,31.04822,32.148758,1.6114094,33.355705,0.1,2
326,7.13,72.49595,31.132076,32.241737,1.6154363,33.28859,0.88,2
333,8.26,71.5235,32.05451,31.77686,1.6114094,33.422817,1.17,2
320,7.38,71.60454,32.97694,32.52066,1.6154363,32.61745,0.68,2
333,7.43,71.68558,32.64151,32.427685,1.6154363,32.684563,0.88,2
358,7.8,71.44246,33.731655,31.404959,1.6154363,32.14765,0.49,2
138,7.68,70.8752,33.480083,31.404959,1.6194632,32.75168,0.78,2
88,7.46,71.28039,32.97694,32.33471,1.6114094,32.75168,1,2
320,7.62,70.79417,33.22851,30.661158,1.6154363,33.020134,0.39,2
333,7.45,70.47002,32.89308,30.475206,1.6114094,33.55705,0.2,2
351,7.58,70.47002,33.6478,30.940083,1.6154363,32.95302,1.07,2
320,7.68,70.95624,33.480083,30.847107,1.6154363,32.684563,0.78,2
339,7.73,70.632095,32.89308,30.847107,1.6154363,33.422817,0.88,2
358,11.15,71.03728,33.31237,31.404959,1.6154363,32.818794,0.49,2
333,8.26,71.28039,33.396225,31.96281,1.6154363,32.483223,1.17,2
320,7.38,71.36143,33.396225,33.357437,1.6154363,32.416107,0.88,2
370,8.1,71.19935,33.396225,33.264465,1.6154363,32.550335,0.46,2
301,7.9,70.79417,33.22851,32.892563,1.6194632,33.020134,0.51,2
314,7.4,70.632095,33.731655,32.613636,1.6194632,32.818794,0.19,2
270,7.8,69.578606,33.899372,31.96281,1.6154363,33.55705,0.51,2
320,7.5,69.659645,34.150944,32.427685,1.6154363,33.221474,0.49,2
345,7.1,70.307945,34.486374,31.869833,1.6154363,32.416107,0.38,2
370,8.1,70.14587,33.563942,32.055786,1.6194632,33.28859,0.51,2
339,8.3,69.902756,33.899372,31.590908,1.6154363,33.221474,0.32,2
383,8.1,69.74068,33.396225,32.055786,1.6194632,33.758392,0.65,2
383,7.8,69.983795,33.396225,31.77686,1.6194632,33.55705,0.62,2
377,7.8,69.902756,33.480083,32.33471,1.6194632,33.55705,0.54,2
364,7.3,69.335495,33.22851,31.869833,1.6194632,34.228188,0.7,2
358,7.3,69.173416,33.480083,30.382233,1.6154363,34.16107,0.62,2
333,7.43,69.254456,33.22851,30.103306,1.6154363,34.295303,0.88,2
358,7.8,69.497574,32.97694,29.545456,1.6154363,34.295303,0.49,2
195,7.34,69.092384,32.138367,30.19628,1.6194632,35.302013,1.27,2
345,7.37,69.173416,31.97065,30.19628,1.6194632,35.369125,0.2,2
314,7.41,68.768234,31.886791,30.382233,1.6194632,35.704697,0.68,2
320,7.38,68.606155,32.38994,29.731405,1.6154363,35.503357,0.68,2
333,8.26,69.011345,32.05451,30.01033,1.6114094,35.43624,1.17,2
326,7.13,69.092384,32.138367,29.917355,1.6154363,35.302013,0.88,2
333,7.1,68.687195,32.473793,29.638428,1.6114094,35.369125,0.88,2
351,7.82,68.687195,32.38994,28.243801,1.6194632,35.43624,0.39,2
326,7.33,69.092384,33.0608,29.82438,1.6154363,34.56376,0.1,2
358,7.02,68.84927,32.97694,30.19628,1.6154363,34.7651,1.27,2
345,7.85,68.93031,33.22851,29.452478,1.6194632,34.56376,0.1,2
314,7.04,68.52512,33.480083,29.82438,1.6194632,34.630875,0.68,2
333,7.62,68.52512,32.138367,29.545456,1.6194632,35.771812,0.49,2
320,7.38,69.497574,31.886791,28.894629,1.6154363,35.167786,1.07,2
138,7.68,69.578606,31.719076,29.26653,1.6154363,35.2349,0.78,2
138,7.68,68.93031,31.886791,30.103306,1.62349,35.637585,0.78,2
358,7.02,69.416534,31.215933,30.382233,1.6275167,35.771812,1.27,2
345,7.85,69.74068,30.96436,29.545456,1.6275167,35.704697,0.1,2
314,7.04,69.335495,30.628931,29.26653,1.6315436,36.308723,0.68,2
333,7.62,68.84927,29.874214,29.080578,1.6315436,37.315437,0.49,2
326,7.33,69.092384,29.790356,28.801651,1.6315436,37.114094,0.1,2
326,7.13,69.092384,29.454926,29.26653,1.6315436,37.38255,0.88,2
333,8.26,69.416534,29.538784,28.615702,1.62349,37.114094,1.17,2
320,7.38,68.687195,28.867924,28.70868,1.6275167,38.255035,0.68,2
333,7.43,68.606155,28.784067,28.894629,1.62349,38.38926,0.88,2
358,7.8,69.011345,28.784067,28.894629,1.6154363,38.05369,0.49,2
138,7.68,69.173416,28.784067,28.522726,1.6154363,37.919464,0.78,2
88,7.46,69.416534,30.209644,28.336777,1.6194632,36.510067,1,2
320,7.62,69.335495,30.125788,28.243801,1.6275167,36.644295,0.39,2
333,7.45,69.74068,29.287212,28.243801,1.6275167,37.04698,0.2,2
351,7.58,69.497574,29.538784,28.243801,1.6275167,37.04698,1.07,2
320,7.68,70.226906,29.538784,28.336777,1.6275167,36.44295,0.78,2
339,7.73,70.551056,29.03564,29.080578,1.6315436,36.577183,0.88,2
358,11.15,71.03728,28.532494,29.731405,1.6315436,36.577183,0.49,2
333,8.26,70.8752,29.03564,29.359503,1.6315436,36.37584,1.17,2
320,7.38,70.79417,29.03564,28.150827,1.6355705,36.37584,0.88,2
370,8.1,70.632095,29.03564,28.615702,1.6355705,36.44295,0.46,2
301,7.9,70.71313,29.287212,28.057852,1.6355705,36.241608,0.51,2
314,7.4,70.632095,29.119495,27.871902,1.6355705,36.44295,0.19,2
270,7.8,72.25284,29.203354,28.987604,1.6355705,35.033558,0.51,2
320,7.5,71.76661,30.209644,29.452478,1.6395974,34.697987,0.49,2
345,7.1,71.68558,30.461216,29.359503,1.6395974,34.496643,0.38,2
370,8.1,71.19935,30.37736,29.545456,1.6355705,34.966442,0.51,2
339,8.3,70.71313,30.2935,30.01033,1.6395974,35.43624,0.32,2
383,8.1,70.632095,30.041927,30.103306,1.6395974,35.704697,0.65,2
383,7.8,70.79417,30.37736,30.103306,1.6355705,35.302013,0.62,2
377,7.8,70.79417,30.37736,30.568182,1.6355705,35.369125,0.54,2
364,7.3,69.902756,30.880505,31.96281,1.6315436,35.637585,0.7,2
358,7.3,70.064835,30.628931,32.799587,1.6355705,35.704697,0.62,2
333,7.43,69.659645,30.96436,32.33471,1.6355705,35.771812,0.88,2
358,7.8,69.902756,30.96436,32.148758,1.6315436,35.57047,0.49,2
195,7.34,69.74068,31.04822,32.613636,1.6315436,35.57047,1.27,2
345,7.37,69.578606,30.880505,33.54339,1.6355705,35.83893,0.2,2
314,7.41,70.14587,30.712788,33.264465,1.6355705,35.57047,0.68,2
320,7.38,70.064835,31.04822,32.985535,1.6355705,35.369125,0.68,2
333,8.26,69.416534,31.132076,32.52066,1.6315436,35.83893,1.17,2
326,7.13,69.659645,30.2935,32.148758,1.6355705,36.241608,0.88,2
333,7.1,69.74068,30.545073,31.404959,1.6355705,35.973156,0.88,2
351,7.82,69.902756,30.209644,31.77686,1.6315436,36.1745,0.39,2
326,7.33,70.307945,31.299791,31.497934,1.6275167,34.966442,0.1,2
358,7.02,70.307945,31.215933,30.289255,1.6315436,35.033558,1.27,2
345,7.85,70.47002,31.215933,30.382233,1.6315436,34.89933,0.1,2
314,7.04,70.226906,31.383648,29.26653,1.6355705,34.966442,0.68,2
333,7.62,70.38898,30.628931,28.70868,1.6355705,35.43624,0.49,2
320,7.38,70.307945,30.96436,29.638428,1.6395974,35.2349,1.07,2
138,7.68,70.226906,30.96436,29.82438,1.6355705,35.302013,0.78,2
138,7.68,70.551056,30.545073,28.429752,1.6355705,35.369125,0.78,2
358,7.02,69.983795,31.299791,28.243801,1.6355705,35.2349,1.27,2
345,7.85,69.983795,31.383648,28.150827,1.6315436,35.2349,0.1,2
314,7.04,69.983795,31.04822,27.5,1.6275167,35.43624,0.68,2
333,7.62,70.226906,30.628931,27.407024,1.6275167,35.57047,0.49,2
326,7.33,69.659645,30.37736,28.336777,1.6275167,36.241608,0.1,2
326,7.13,69.497574,29.958073,28.057852,1.62349,36.71141,0.88,2
333,8.26,69.092384,30.628931,28.429752,1.6275167,36.510067,1.17,2
320,7.38,69.092384,30.712788,27.592976,1.62349,36.44295,0.68,2
333,7.43,69.254456,31.467505,27.5,1.6275167,35.704697,0.88,2
358,7.8,69.335495,31.132076,27.592976,1.6275167,35.90604,0.49,2
138,7.68,69.011345,31.886791,27.221075,1.62349,35.57047,0.78,2
88,7.46,69.011345,32.473793,27.778925,1.6194632,35.10067,1,2
320,7.62,69.74068,30.96436,27.68595,1.6154363,35.704697,0.39,2
333,7.45,69.902756,30.880505,27.592976,1.6154363,35.637585,0.2,2
351,7.58,70.064835,31.132076,27.778925,1.6114094,35.302013,1.07,2
320,7.68,69.983795,31.04822,28.429752,1.6114094,35.369125,0.78,2
339,7.73,70.95624,29.119495,28.615702,1.6073825,36.1745,0.88,2
358,11.15,71.5235,29.119495,28.522726,1.6114094,35.704697,0.49,2
333,8.26,71.5235,29.03564,28.894629,1.6114094,35.771812,1.17,2
320,7.38,72.09076,28.951782,28.522726,1.6114094,35.302013,0.88,2
370,8.1,72.33388,29.03564,27.964874,1.6154363,35.10067,0.46,2
301,7.9,72.41491,28.70021,27.1281,1.62349,35.302013,0.51,2
314,7.4,72.1718,28.867924,26.849174,1.62349,35.369125,0.19,2
270,7.8,72.33388,29.538784,27.035124,1.6194632,34.697987,0.51,2
320,7.5,72.25284,28.616352,27.68595,1.62349,35.503357,0.49,2
345,7.1,72.00972,28.448637,27.221075,1.62349,35.83893,0.38,2
370,8.1,71.84765,28.70021,27.778925,1.62349,35.771812,0.51,2
339,8.3,71.36143,29.538784,27.778925,1.6275167,35.503357,0.32,2
383,8.1,71.36143,29.119495,27.871902,1.6154363,35.83893,0.65,2
383,7.8,71.19935,29.287212,27.68595,1.6194632,35.83893,0.62,2
377,7.8,70.95624,29.622643,28.243801,1.6194632,35.771812,0.54,2
364,7.3,70.95624,29.538784,29.26653,1.6194632,35.771812,0.7,2
358,7.3,70.79417,30.880505,28.801651,1.62349,34.89933,0.62,2
333,7.43,70.632095,30.880505,28.801651,1.62349,35.033558,0.88,2
358,7.8,70.71313,31.467505,28.894629,1.62349,34.56376,0.49,2
195,7.34,71.28039,31.383648,28.615702,1.62349,34.09396,1.27,2
345,7.37,72.09076,31.97065,28.615702,1.62349,32.95302,0.2,2
314,7.41,71.84765,32.30608,28.429752,1.62349,32.885906,0.68,2
320,7.38,71.76661,32.38994,28.150827,1.62349,32.885906,0.68,2
333,8.26,71.03728,32.473793,27.68595,1.62349,33.422817,1.17,2
326,7.13,71.11832,31.802937,27.592976,1.62349,33.892616,0.88,2
333,7.1,71.60454,32.05451,27.5,1.62349,33.28859,0.88,2
351,7.82,71.19935,32.473793,27.221075,1.6275167,33.355705,0.39,2
326,7.33,71.5235,31.63522,27.314049,1.62349,33.691277,0.1,2
358,7.02,72.90114,32.473793,26.756199,1.6275167,31.879194,1.27,2
345,7.85,72.41491,33.144653,27.68595,1.6275167,31.744967,0.1,2
314,7.04,72.73906,33.396225,27.592976,1.6275167,31.342281,0.68,2
333,7.62,73.22528,32.30608,26.942148,1.6275167,31.744967,0.49,2
320,7.38,72.33388,31.299791,27.1281,1.6275167,33.28859,1.07,2
138,7.68,72.57698,30.712788,27.035124,1.6275167,33.489933,0.78,2
138,7.68,74.19773,29.287212,28.615702,1.6275167,33.355705,0.78,2
358,7.02,73.79254,29.790356,27.68595,1.6315436,33.28859,1.27,2
345,7.85,74.60292,29.790356,27.1281,1.6275167,32.61745,0.1,2
314,7.04,74.84602,29.790356,27.68595,1.6275167,32.34899,0.68,2
333,7.62,75.33225,29.874214,27.1281,1.62349,31.946308,0.49,2
326,7.33,75.08914,29.538784,27.871902,1.6275167,32.483223,0.1,2
326,7.13,74.03566,29.03564,26.942148,1.6315436,33.62416,0.88,2
333,8.26,73.63047,29.874214,26.849174,1.6315436,33.355705,1.17,2
320,7.38,73.06321,30.2935,27.221075,1.6355705,33.55705,0.68,2
333,7.43,72.49595,30.796644,27.221075,1.6355705,33.55705,0.88,2
358,7.8,73.14425,31.299791,27.592976,1.6315436,32.550335,0.49,2
138,7.68,73.06321,31.551363,27.68595,1.6315436,32.483223,0.78,2
88,7.46,72.25284,31.802937,27.221075,1.6315436,32.885906,1,2
320,7.62,72.57698,31.63522,27.871902,1.6275167,32.885906,0.39,2
333,7.45,72.09076,30.628931,28.336777,1.6315436,34.026844,0.2,2
351,7.58,72.00972,30.2935,28.429752,1.6275167,34.42953,1.07,2
320,7.68,72.25284,29.203354,28.70868,1.6275167,35.033558,0.78,2
339,7.73,72.49595,29.622643,28.615702,1.6275167,34.496643,0.88,2
358,11.15,72.65802,31.215933,29.26653,1.62349,33.08725,0.49,2
333,8.26,73.79254,30.712788,29.731405,1.62349,32.550335,1.17,2
320,7.38,74.19773,30.796644,29.917355,1.62349,32.14765,0.88,2
370,8.1,74.27876,30.37736,28.987604,1.6194632,32.483223,0.46,2
301,7.9,73.30632,29.119495,29.452478,1.6194632,34.16107,0.51,2
314,7.4,72.90114,29.119495,29.173553,1.6194632,34.496643,0.19,2
270,7.8,72.73906,29.958073,28.987604,1.6275167,34.09396,0.51,2
320,7.5,72.73906,29.371069,29.26653,1.62349,34.56376,0.49,2
345,7.1,72.33388,29.958073,28.894629,1.62349,34.362415,0.38,2
370,8.1,73.14425,30.712788,28.70868,1.62349,33.15436,0.51,2
339,8.3,72.8201,30.712788,28.615702,1.6154363,33.28859,0.32,2
383,8.1,72.49595,30.461216,28.057852,1.62349,33.8255,0.65,2
383,7.8,71.92869,29.7065,28.243801,1.62349,34.89933,0.62,2
377,7.8,72.00972,29.874214,29.173553,1.62349,34.697987,0.54,2
364,7.3,71.92869,29.7065,28.429752,1.6275167,34.832214,0.7,2
358,7.3,71.76661,29.371069,28.615702,1.62349,35.302013,0.62,2
333,7.43,72.49595,29.538784,28.801651,1.6275167,34.56376,0.88,2
358,7.8,72.73906,29.958073,28.615702,1.6275167,34.026844,0.49,2
195,7.34,72.73906,30.041927,28.429752,1.6194632,34.026844,1.27,2
345,7.37,72.65802,30.209644,28.429752,1.62349,33.8255,0.2,2
314,7.41,73.38736,29.538784,28.894629,1.62349,33.892616,0.68,2
320,7.38,73.22528,29.874214,28.522726,1.62349,33.691277,0.68,2
333,8.26,73.30632,30.209644,29.173553,1.62349,33.355705,1.17,2
326,7.13,72.90114,30.125788,29.26653,1.6154363,33.758392,0.88,2
333,7.1,72.49595,30.545073,28.801651,1.62349,33.758392,0.88,2
351,7.82,72.90114,30.628931,28.522726,1.62349,33.422817,0.39,2
326,7.33,72.90114,30.712788,28.70868,1.6194632,33.355705,0.1,2
358,7.02,72.65802,30.041927,28.243801,1.62349,34.026844,1.27,2
345,7.85,72.73906,29.958073,29.731405,1.6315436,34.09396,0.1,2
314,7.04,72.57698,29.958073,30.475206,1.6275167,34.16107,0.68,2
333,7.62,73.14425,30.209644,30.568182,1.6275167,33.55705,0.49,2
320,7.38,73.4684,30.125788,30.01033,1.6275167,33.28859,1.07,2
138,7.68,71.92869,30.041927,29.917355,1.6315436,34.630875,0.78,2
138,7.68,72.00972,29.874214,29.452478,1.6315436,34.697987,0.78,2
358,7.02,72.41491,29.538784,29.638428,1.6315436,34.630875,1.27,2
345,7.85,72.1718,29.538784,29.173553,1.6315436,34.832214,0.1,2
314,7.04,72.90114,29.538784,29.080578,1.6275167,34.228188,0.68,2
333,7.62,72.65802,29.454926,29.080578,1.6275167,34.496643,0.49,2
326,7.33,72.00972,29.203354,28.522726,1.6275167,35.2349,0.1,2
326,7.13,71.92869,29.7065,28.522726,1.6275167,34.89933,0.88,2
333,8.26,71.5235,31.215933,28.70868,1.6315436,34.026844,1.17,2
320,7.38,71.68558,31.299791,28.70868,1.6315436,33.8255,0.68,2
333,7.43,71.68558,31.63522,28.70868,1.6355705,33.55705,0.88,2
358,7.8,71.60454,31.467505,28.801651,1.6355705,33.758392,0.49,2
138,7.68,71.76661,29.874214,30.19628,1.6355705,34.89933,0.78,2
88,7.46,72.09076,29.790356,29.26653,1.6355705,34.697987,1,2
320,7.62,71.84765,30.125788,29.26653,1.6355705,34.630875,0.39,2
333,7.45,71.68558,29.958073,29.545456,1.6355705,34.89933,0.2,2
351,7.58,71.76661,30.545073,29.545456,1.6355705,34.295303,1.07,2
339,8.3,72.09076,30.628931,30.289255,1.6355705,34.026844,0.32,2
383,8.1,71.92869,31.132076,30.382233,1.6355705,33.758392,0.65,2
383,7.8,71.92869,31.132076,31.033056,1.6355705,33.758392,0.62,2
377,7.8,72.49595,29.454926,29.82438,1.6436242,34.630875,0.54,2
364,7.3,72.41491,29.454926,30.382233,1.6395974,34.697987,0.7,2
358,7.3,72.90114,28.867924,29.638428,1.6355705,34.832214,0.62,2
333,7.43,73.22528,28.784067,29.452478,1.6395974,34.56376,0.88,2
358,7.8,72.73906,29.119495,29.080578,1.6395974,34.697987,0.49,2
195,7.34,73.06321,28.951782,29.82438,1.6395974,34.56376,1.27,2
345,7.37,72.90114,29.454926,29.359503,1.6436242,34.295303,0.2,2
314,7.41,73.4684,29.203354,29.359503,1.6436242,34.026844,0.68,2
320,7.38,72.90114,29.03564,28.429752,1.6395974,34.630875,0.68,2
333,8.26,72.98217,29.203354,28.987604,1.6395974,34.42953,1.17,2
326,7.13,73.14425,29.287212,28.894629,1.6395974,34.228188,0.88,2
333,7.1,72.90114,29.287212,29.26653,1.6395974,34.42953,0.88,2
351,7.82,72.25284,29.03564,28.243801,1.6395974,35.10067,0.39,2
326,7.33,72.09076,29.03564,29.917355,1.6395974,35.302013,0.1,2
358,7.02,72.09076,28.867924,30.754131,1.6355705,35.43624,1.27,2
345,7.85,73.06321,29.958073,29.731405,1.6355705,33.758392,0.1,2
314,7.04,73.06321,29.790356,27.964874,1.6395974,33.892616,0.68,2
333,7.62,73.06321,29.622643,28.987604,1.6395974,34.026844,0.49,2
320,7.38,72.49595,30.041927,29.545456,1.6436242,34.16107,1.07,2
138,7.68,72.25284,28.951782,29.359503,1.6395974,35.2349,0.78,2
138,7.68,72.09076,28.951782,28.987604,1.6395974,35.369125,0.78,2
358,7.02,71.92869,28.784067,28.615702,1.6436242,35.637585,1.27,2
345,7.85,71.68558,28.867924,28.522726,1.6395974,35.771812,0.1,2
314,7.04,70.71313,29.03564,28.336777,1.6436242,36.37584,0.68,2
333,7.62,71.19935,29.538784,28.243801,1.6476511,35.637585,0.49,2
326,7.33,71.5235,29.7065,27.592976,1.6476511,35.2349,0.1,2
326,7.13,71.28039,29.538784,27.314049,1.6476511,35.57047,0.88,2
333,8.26,71.11832,29.958073,28.429752,1.6516778,35.369125,1.17,2
320,7.38,71.03728,29.958073,28.615702,1.6516778,35.369125,0.68,2
333,7.43,70.95624,30.2935,27.592976,1.6476511,35.2349,0.88,2
358,7.8,70.79417,30.209644,28.150827,1.6436242,35.43624,0.49,2
